,date,滋賀県,京都府,大阪府,兵庫県,奈良県,和歌山県,鳥取県,島根県,岡山県,広島県,山口県,徳島県,香川県,愛媛県,高知県,福岡県,佐賀県,長崎県,熊本県,大分県,宮崎県,鹿児島県,沖縄県,北海道,青森県,岩手県,宮城県,秋田県,山形県,福島県,茨城県,栃木県,群馬県,埼玉県,千葉県,東京都,神奈川県,新潟県,富山県,石川県,福井県,山梨県,長野県,岐阜県,静岡県,愛知県,三重県,⾧崎県,⾧野県,⻑崎県,⻑崎船その他県,⻘森県,⻑野県,⻑崎船その他その他県,(その他)県,岩手県　,福島県　,埼玉県　,千葉県　,東京都　,大阪府　,広島県　,香川県　,合計　県,愛知県　
188,2020-03-07,1.0,7.0,26.0,7.0,2.0,12.0,,,,,1.0,,,1.0,9.0,3.0,,,5.0,1.0,1.0,,3.0,,,,1.0,1.0,,,,2.0,,4.0,16.0,55.0,31.0,5.0,,4.0,,1.0,2.0,2.0,1.0,61.0,1.0,,,,,,,,,,,,,,,,,,
46,2020-03-08,1.0,8.0,33.0,9.0,2.0,12.0,,,,1.0,1.0,,,1.0,9.0,3.0,,,5.0,1.0,1.0,,3.0,,,,1.0,1.0,,1.0,,2.0,1.0,4.0,20.0,60.0,34.0,6.0,,4.0,,2.0,2.0,2.0,1.0,68.0,1.0,,,,,,,,,,,,,,,,,,
203,2020-03-09,1.0,8.0,44.0,11.0,2.0,12.0,,,,1.0,1.0,,,1.0,11.0,3.0,,,5.0,1.0,1.0,,3.0,100.0,,,1.0,1.0,,1.0,,2.0,1.0,5.0,20.0,60.0,34.0,6.0,,4.0,,2.0,2.0,2.0,1.0,79.0,1.0,,,,,,,,,,,,,,,,,,
180,2020-03-12,1.0,15.0,81.0,35.0,8.0,14.0,0.0,0.0,0.0,1.0,3.0,1.0,0.0,2.0,12.0,3.0,0.0,0.0,6.0,1.0,1.0,0.0,3.0,118.0,0.0,0.0,1.0,2.0,0.0,1.0,0.0,2.0,1.0,12.0,25.0,79.0,43.0,11.0,0.0,7.0,0.0,2.0,3.0,2.0,2.0,104.0,2.0,,,,,,,,,,,,,,,,,,
66,2020-03-13,1.0,17.0,90.0,43.0,8.0,14.0,0.0,0.0,0.0,1.0,3.0,1.0,0.0,2.0,12.0,3.0,0.0,0.0,6.0,1.0,1.0,0.0,3.0,128.0,0.0,0.0,1.0,2.0,0.0,1.0,0.0,2.0,1.0,18.0,27.0,81.0,43.0,14.0,0.0,7.0,0.0,2.0,3.0,2.0,3.0,111.0,7.0,,,,,,,,,,,,,,,,,,
173,2020-03-16,2.0,17.0,107.0,62.0,8.0,15.0,0.0,0.0,0.0,1.0,3.0,1.0,0.0,2.0,12.0,3.0,1.0,1.0,6.0,1.0,1.0,0.0,3.0,148.0,0.0,0.0,1.0,2.0,0.0,2.0,0.0,2.0,5.0,28.0,31.0,96.0,54.0,14.0,0.0,7.0,0.0,2.0,4.0,2.0,3.0,121.0,8.0,,,,,,,,,,,,,,,,,,
75,2020-03-17,3.0,17.0,109.0,81.0,8.0,15.0,0.0,0.0,0.0,1.0,3.0,1.0,0.0,2.0,12.0,3.0,1.0,1.0,6.0,1.0,1.0,0.0,3.0,152.0,0.0,0.0,1.0,2.0,0.0,2.0,0.0,2.0,6.0,28.0,31.0,96.0,54.0,14.0,0.0,7.0,0.0,2.0,4.0,2.0,3.0,123.0,8.0,,,,,,,,,,,,,,,,,,
223,2020-03-18,4.0,19.0,112.0,85.0,8.0,15.0,0.0,0.0,0.0,1.0,3.0,1.0,1.0,2.0,12.0,4.0,1.0,1.0,6.0,1.0,3.0,0.0,3.0,152.0,0.0,0.0,1.0,2.0,0.0,2.0,1.0,2.0,10.0,33.0,31.0,108.0,55.0,20.0,0.0,7.0,0.0,2.0,4.0,2.0,3.0,125.0,8.0,,,,,,,,,,,,,,,,,,
60,2020-03-19,4.0,20.0,117.0,90.0,8.0,15.0,0.0,0.0,0.0,1.0,3.0,1.0,1.0,3.0,12.0,4.0,1.0,,6.0,1.0,3.0,0.0,3.0,154.0,,0.0,1.0,2.0,0.0,2.0,2.0,3.0,10.0,34.0,33.0,117.0,59.0,21.0,0.0,7.0,1.0,2.0,,3.0,3.0,130.0,8.0,,,1.0,,0.0,4.0,,,,,,,,,,,,
12,2020-03-23,4.0,23.0,131.0,110.0,9.0,17.0,0.0,0.0,1.0,3.0,4.0,1.0,1.0,3.0,12.0,5.0,1.0,1.0,7.0,17.0,3.0,0.0,3.0,162.0,0.0,0.0,1.0,2.0,0.0,2.0,3.0,4.0,11.0,50.0,44.0,144.0,74.0,26.0,0.0,8.0,1.0,2.0,4.0,5.0,3.0,143.0,9.0,,,,,,,,,,,,,,,,,,
243,2020-03-26,5.0,30.0,150.0,116.0,9.0,17.0,0.0,0.0,1.0,3.0,5.0,1.0,1.0,3.0,12.0,9.0,1.0,2.0,7.0,25.0,3.0,0.0,4.0,167.0,8.0,0.0,1.0,2.0,0.0,2.0,9.0,7.0,13.0,59.0,53.0,218.0,84.0,29.0,0.0,8.0,2.0,4.0,5.0,13.0,3.0,154.0,9.0,,,,,,,,,,,,,,,,,,
8,2020-03-27,6.0,32.0,157.0,118.0,9.0,17.0,0.0,0.0,1.0,4.0,6.0,1.0,1.0,3.0,12.0,11.0,1.0,2.0,8.0,25.0,3.0,1.0,4.0,168.0,6.0,0.0,2.0,2.0,0.0,2.0,10.0,10.0,14.0,66.0,56.0,265.0,89.0,29.0,0.0,8.0,6.0,4.0,5.0,16.0,3.0,157.0,9.0,,,,,,,,,,,,,,,,,,
3,2020-03-30,6.0,46.0,209.0,132.0,11.0,17.0,0.0,0.0,3.0,6.0,6.0,1.0,1.0,4.0,14.0,22.0,1.0,2.0,10.0,28.0,3.0,1.0,8.0,176.0,7.0,0.0,2.0,4.0,0.0,2.0,16.0,12.0,18.0,83.0,160.0,436.0,107.0,31.0,0.0,9.0,13.0,4.0,8.0,21.0,4.0,167.0,9.0,,,,,,,,,,,,,,,,,,
245,2020-03-31,6.0,54.0,217.0,136.0,11.0,17.0,0.0,0.0,4.0,6.0,6.0,1.0,1.0,4.0,15.0,23.0,1.0,2.0,11.0,28.0,3.0,1.0,9.0,177.0,7.0,0.0,6.0,4.0,0.0,2.0,20.0,12.0,18.0,84.0,160.0,449.0,115.0,31.0,1.0,11.0,15.0,5.0,8.0,21.0,4.0,170.0,11.0,,,,,,,,,,,,,,,,,,
91,2020-04-01,7.0,68.0,245.0,147.0,11.0,17.0,0.0,0.0,4.0,6.0,6.0,3.0,2.0,9.0,17.0,43.0,2.0,2.0,14.0,29.0,3.0,1.0,9.0,177.0,8.0,0.0,7.0,6.0,1.0,4.0,24.0,14.0,19.0,98.0,164.0,527.0,120.0,31.0,3.0,13.0,16.0,6.0,8.0,23.0,6.0,176.0,11.0,,,,,,,,,,,,,,,,,,
111,2020-04-02,8.0,71.0,279.0,161.0,15.0,18.0,0.0,0.0,4.0,6.0,6.0,3.0,2.0,9.0,20.0,52.0,4.0,5.0,15.0,29.0,3.0,2.0,9.0,182.0,8.0,0.0,7.0,6.0,1.0,6.0,24.0,14.0,20.0,101.0,175.0,593.0,138.0,31.0,5.0,15.0,22.0,8.0,9.0,22.0,6.0,181.0,11.0,,,,,,,,,,,,,,,,,,
138,2020-04-03,8.0,79.0,312.0,167.0,19.0,20.0,0.0,0.0,7.0,6.0,6.0,3.0,2.0,11.0,21.0,62.0,4.0,5.0,15.0,30.0,3.0,3.0,9.0,185.0,9.0,0.0,12.0,7.0,1.0,8.0,26.0,14.0,20.0,113.0,181.0,690.0,153.0,31.0,8.0,16.0,31.0,9.0,9.0,22.0,6.0,186.0,12.0,,,,,,,,,,,,,,,,,,
102,2020-04-06,18.0,111.0,409.0,195.0,25.0,25.0,0.0,0.0,11.0,16.0,8.0,3.0,2.0,12.0,31.0,109.0,8.0,9.0,20.0,31.0,6.0,3.0,9.0,194.0,11.0,0.0,23.0,11.0,10.0,16.0,64.0,14.0,26.0,174.0,238.0,1040.0,226.0,32.0,10.0,43.0,51.0,13.0,12.0,50.0,10.0,227.0,13.0,,,,,,,,,,,,,,,,,,
145,2020-04-07,18.0,119.0,429.0,201.0,26.0,27.0,0.0,0.0,11.0,16.0,12.0,3.0,2.0,14.0,34.0,113.0,8.0,9.0,20.0,32.0,7.0,3.0,15.0,194.0,11.0,0.0,26.0,11.0,13.0,16.0,71.0,14.0,26.0,195.0,253.0,1123.0,261.0,32.0,11.0,45.0,57.0,14.0,14.0,51.0,10.0,237.0,13.0,,,,,,,,,,,,,,,,,,
22,2020-04-08,18.0,139.0,482.0,216.0,28.0,28.0,0.0,0.0,12.0,19.0,13.0,3.0,2.0,23.0,36.0,136.0,9.0,9.0,21.0,32.0,7.0,3.0,27.0,198.0,11.0,0.0,27.0,11.0,19.0,24.0,77.0,15.0,29.0,209.0,284.0,1203.0,279.0,34.0,12.0,51.0,57.0,19.0,14.0,51.0,10.0,258.0,13.0,,,,,,,,,,,,,,,,,,
260,2020-04-09,24.0,149.0,525.0,216.0,30.0,29.0,0.0,0.0,15.0,23.0,17.0,3.0,3.0,25.0,37.0,161.0,11.0,12.0,23.0,41.0,12.0,3.0,32.0,208.0,12.0,0.0,34.0,11.0,22.0,29.0,77.0,21.0,29.0,242.0,317.0,1347.0,327.0,37.0,14.0,66.0,67.0,22.0,19.0,69.0,15.0,278.0,13.0,,,,,,,,,,,,,,,,,,
159,2020-04-10,26.0,159.0,589.0,273.0,34.0,32.0,0.0,1.0,16.0,25.0,17.0,3.0,3.0,26.0,47.0,187.0,11.0,14.0,23.0,41.0,16.0,3.0,42.0,226.0,14.0,0.0,36.0,11.0,27.0,33.0,81.0,31.0,33.0,271.0,342.0,1528.0,375.0,39.0,16.0,72.0,72.0,24.0,21.0,76.0,16.0,299.0,15.0,,,,,,,,,,,,,,,,,,
176,2020-04-13,38.0,193.0,812.0,375.0,41.0,34.0,1.0,7.0,16.0,56.0,23.0,3.0,8.0,30.0,60.0,362.0,13.0,14.0,28.0,42.0,17.0,4.0,66.0,267.0,22.0,0.0,52.0,15.0,34.0,38.0,109.0,35.0,90.0,386.0,455.0,2080.0,478.0,42.0,30.0,113.0,88.0,35.0,29.0,105.0,41.0,319.0,17.0,,,,,,,,,,,,,,,,,,
150,2020-04-14,40.0,205.0,836.0,384.0,44.0,34.0,1.0,8.0,16.0,57.0,24.0,3.0,16.0,37.0,60.0,373.0,13.0,14.0,28.0,43.0,17.0,4.0,72.0,272.0,22.0,0.0,54.0,15.0,35.0,38.0,110.0,36.0,91.0,414.0,474.0,2171.0,572.0,42.0,49.0,121.0,92.0,35.0,34.0,112.0,46.0,328.0,17.0,,,,,,,,,,,,,,,,,,
131,2020-04-15,51.0,210.0,,403.0,47.0,35.0,1.0,10.0,16.0,,25.0,3.0,,39.0,60.0,403.0,15.0,14.0,29.0,43.0,17.0,4.0,76.0,279.0,22.0,,64.0,16.0,39.0,,116.0,38.0,97.0,,,2332.0,594.0,45.0,54.0,131.0,92.0,36.0,35.0,127.0,46.0,338.0,19.0,,,,,,,,,0.0,39.0,433.0,490.0,,895.0,66.0,20.0,,
79,2020-04-16,52.0,215.0,,423.0,53.0,37.0,1.0,13.0,16.0,,28.0,3.0,,40.0,62.0,433.0,17.0,15.0,31.0,50.0,17.0,4.0,86.0,302.0,22.0,,65.0,16.0,45.0,,119.0,39.0,107.0,,,,614.0,46.0,54.0,140.0,100.0,39.0,36.0,128.0,47.0,350.0,20.0,,,,,,,,,0.0,40.0,479.0,525.0,2457.0,969.0,67.0,20.0,8442.0,
170,2020-04-17,57.0,225.0,,453.0,54.0,38.0,1.0,14.0,18.0,,29.0,3.0,,41.0,62.0,459.0,15.0,16.0,31.0,50.0,17.0,4.0,86.0,336.0,22.0,,75.0,16.0,50.0,,123.0,42.0,109.0,,,,673.0,47.0,65.0,146.0,103.0,43.0,45.0,132.0,48.0,,26.0,,,,,,,,,0.0,49.0,535.0,539.0,2606.0,1021.0,118.0,21.0,9027.0,364.0
224,2020-04-20,71.0,251.0,1212.0,513.0,62.0,46.0,3.0,16.0,19.0,132.0,30.0,3.0,25.0,45.0,68.0,516.0,17.0,17.0,39.0,54.0,17.0,8.0,110.0,434.0,22.0,0.0,83.0,16.0,61.0,62.0,139.0,46.0,122.0,642.0,661.0,3095.0,784.0,56.0,92.0,178.0,112.0,49.0,52.0,139.0,52.0,401.0,36.0,,,,,,,,,,,,,,,,,,
57,2020-04-21,72.0,259.0,1297.0,524.0,64.0,46.0,3.0,16.0,19.0,137.0,30.0,3.0,26.0,46.0,69.0,524.0,17.0,18.0,40.0,55.0,17.0,10.0,121.0,451.0,22.0,0.0,84.0,16.0,64.0,64.0,143.0,49.0,124.0,662.0,683.0,3197.0,802.0,56.0,114.0,180.0,113.0,49.0,52.0,139.0,52.0,406.0,39.0,,,,,,,,,,,,,,,,,,
11,2020-04-22,76.0,264.0,1351.0,546.0,73.0,47.0,3.0,16.0,19.0,138.0,31.0,5.0,26.0,47.0,69.0,539.0,17.0,17.0,41.0,60.0,17.0,10.0,125.0,473.0,22.0,0.0,84.0,16.0,64.0,64.0,146.0,51.0,131.0,681.0,704.0,3320.0,816.0,58.0,115.0,190.0,118.0,50.0,54.0,140.0,53.0,422.0,41.0,,,,,,,,,,,,,,,,,,
238,2020-04-23,88.0,275.0,1382.0,563.0,75.0,49.0,3.0,16.0,19.0,139.0,31.0,5.0,26.0,47.0,70.0,560.0,18.0,16.0,41.0,60.0,17.0,10.0,130.0,495.0,22.0,0.0,84.0,16.0,65.0,65.0,151.0,52.0,131.0,714.0,725.0,3452.0,841.0,61.0,115.0,199.0,119.0,51.0,56.0,143.0,57.0,441.0,43.0,,,,,,,,,,,,,,,,,,
231,2020-04-24,92.0,282.0,1417.0,581.0,76.0,50.0,3.0,16.0,19.0,142.0,31.0,5.0,28.0,47.0,71.0,572.0,21.0,16.0,43.0,60.0,17.0,10.0,132.0,540.0,22.0,0.0,84.0,16.0,65.0,65.0,153.0,53.0,138.0,753.0,749.0,3586.0,880.0,62.0,150.0,216.0,119.0,51.0,59.0,146.0,58.0,453.0,43.0,,,,,,,,,,,,,,,,,,
252,2020-04-27,94.0,294.0,1493.0,627.0,76.0,58.0,3.0,22.0,22.0,145.0,31.0,5.0,28.0,47.0,73.0,606.0,36.0,16.0,45.0,60.0,17.0,10.0,133.0,615.0,22.0,0.0,85.0,16.0,66.0,69.0,161.0,52.0,141.0,806.0,786.0,3922.0,959.0,69.0,177.0,229.0,121.0,51.0,66.0,146.0,63.0,476.0,45.0,,,,,,,,,,,,,,,,,,
118,2020-04-28,94.0,309.0,1523.0,629.0,78.0,59.0,3.0,22.0,22.0,145.0,32.0,5.0,28.0,47.0,73.0,615.0,36.0,16.0,45.0,60.0,17.0,10.0,137.0,650.0,23.0,0.0,86.0,16.0,66.0,69.0,161.0,54.0,146.0,823.0,793.0,3961.0,965.0,69.0,181.0,236.0,121.0,51.0,66.0,146.0,64.0,477.0,45.0,,,,,,,,,,,,,,,,,,
247,2020-04-30,96.0,316.0,1599.0,642.0,82.0,60.0,3.0,23.0,23.0,153.0,32.0,5.0,28.0,47.0,74.0,639.0,38.0,17.0,47.0,60.0,17.0,10.0,141.0,726.0,26.0,0.0,88.0,16.0,68.0,72.0,162.0,54.0,146.0,843.0,806.0,4120.0,1002.0,75.0,190.0,250.0,122.0,52.0,66.0,146.0,68.0,486.0,45.0,,,,,,,,,,,,,,,,,,
62,2020-05-01,96.0,319.0,1627.0,645.0,82.0,62.0,3.0,23.0,23.0,155.0,32.0,5.0,28.0,47.0,74.0,642.0,41.0,17.0,47.0,60.0,17.0,10.0,142.0,767.0,26.0,0.0,88.0,16.0,68.0,73.0,163.0,54.0,146.0,851.0,810.0,4166.0,1028.0,75.0,202.0,251.0,122.0,52.0,66.0,146.0,72.0,488.0,45.0,,,,,,,,,,,,,,,,,,
13,2020-05-02,96.0,323.0,1641.0,650.0,85.0,62.0,3.0,23.0,23.0,156.0,34.0,5.0,28.0,47.0,74.0,645.0,42.0,17.0,47.0,60.0,17.0,10.0,142.0,790.0,26.0,0.0,88.0,16.0,68.0,74.0,165.0,54.0,146.0,857.0,816.0,4331.0,1042.0,77.0,201.0,254.0,122.0,54.0,66.0,149.0,73.0,491.0,45.0,,,,,,,,,,,,,,,,,,
236,2020-05-03,96.0,328.0,1658.0,654.0,86.0,62.0,3.0,23.0,23.0,161.0,34.0,5.0,28.0,47.0,74.0,648.0,42.0,17.0,47.0,60.0,17.0,10.0,142.0,823.0,26.0,0.0,88.0,16.0,68.0,75.0,165.0,54.0,146.0,878.0,823.0,4491.0,1060.0,77.0,209.0,260.0,122.0,55.0,69.0,150.0,73.0,491.0,45.0,,,,,,,,,,,,,,,,,,
229,2020-05-04,96.0,331.0,1669.0,667.0,87.0,62.0,3.0,24.0,23.0,162.0,35.0,5.0,28.0,48.0,74.0,648.0,44.0,17.0,47.0,60.0,17.0,10.0,142.0,847.0,26.0,0.0,88.0,16.0,68.0,78.0,165.0,54.0,146.0,888.0,828.0,4582.0,1101.0,77.0,212.0,264.0,122.0,56.0,70.0,150.0,73.0,492.0,45.0,,,,,,,,,,,,,,,,,,
6,2020-05-06,98.0,338.0,1689.0,673.0,88.0,62.0,3.0,24.0,23.0,162.0,37.0,5.0,28.0,48.0,74.0,650.0,45.0,17.0,47.0,60.0,17.0,10.0,142.0,891.0,26.0,0.0,88.0,16.0,69.0,79.0,168.0,54.0,146146.0,901.0,835.0,4727.0,1125.0,78.0,216.0,268.0,122.0,56.0,72.0,150.0,73.0,498.0,45.0,,,,,,,,,,,,,,,,,,
241,2020-05-07,98.0,341.0,1704.0,676.0,88.0,62.0,3.0,24.0,23.0,162.0,37.0,5.0,28.0,48.0,74.0,651.0,45.0,17.0,47.0,60.0,17.0,10.0,142.0,914.0,26.0,0.0,88.0,16.0,69.0,79.0,168.0,54.0,147146.0,909.0,837.0,4765.0,1132.0,78.0,219.0,271.0,122.0,56.0,73.0,150.0,73.0,498.0,45.0,,,,,,,,,,,,,,,,,,
125,2020-05-08,98.0,347.0,1713.0,679.0,89.0,62.0,3.0,24.0,23.0,162.0,37.0,5.0,28.0,48.0,74.0,652.0,45.0,17.0,47.0,60.0,17.0,10.0,142.0,928.0,26.0,0.0,88.0,16.0,69.0,79.0,168.0,54.0,147.0,922.0,842.0,4777.0,1145.0,78.0,220.0,275.0,122.0,56.0,73.0,150.0,73.0,498.0,45.0,,,,,,,,,,,,,,,,,,
155,2020-05-09,97.0,347.0,1716.0,681.0,89.0,62.0,3.0,24.0,23.0,165.0,37.0,5.0,28.0,48.0,74.0,651.0,45.0,17.0,48.0,60.0,17.0,11.0,142.0,928.0,27.0,0.0,88.0,16.0,69.0,81.0,168.0,54.0,147.0,946.0,876.0,4810.0,1150.0,82.0,216.0,275.0,122.0,56.0,74.0,150.0,73.0,491.0,45.0,,,,,,,,,,,,,,,,,,
222,2020-05-10,97.0,347.0,1732.0,688.0,90.0,62.0,3.0,24.0,24.0,165.0,37.0,5.0,28.0,48.0,74.0,653.0,45.0,17.0,48.0,60.0,17.0,11.0,142.0,934.0,27.0,0.0,88.0,16.0,69.0,81.0,168.0,54.0,147.0,962.0,879.0,4846.0,1158.0,82.0,216.0,277.0,122.0,56.0,74.0,150.0,73.0,491.0,45.0,,,,,,,,,,,,,,,,,,
59,2020-05-11,97.0,347.0,1743.0,688.0,90.0,62.0,3.0,24.0,24.0,165.0,37.0,5.0,28.0,48.0,74.0,654.0,45.0,17.0,48.0,60.0,17.0,11.0,142.0,945.0,27.0,0.0,88.0,16.0,69.0,81.0,168.0,56.0,147.0,967.0,880.0,4868.0,1171.0,82.0,216.0,278.0,122.0,56.0,74.0,150.0,73.0,494.0,45.0,,,,,,,,,,,,,,,,,,
9,2020-05-12,97.0,352.0,1744.0,693.0,90.0,62.0,3.0,24.0,24.0,165.0,37.0,5.0,28.0,48.0,74.0,654.0,45.0,17.0,48.0,60.0,17.0,11.0,142.0,954.0,27.0,0.0,88.0,16.0,69.0,81.0,168.0,56.0,147.0,969.0,883.0,4883.0,1178.0,82.0,221.0,280.0,122.0,56.0,75.0,150.0,73.0,494.0,45.0,,,,,,,,,,,,,,,,,,
239,2020-05-13,97.0,352.0,1750.0,694.0,90.0,63.0,3.0,24.0,25.0,165.0,37.0,5.0,28.0,48.0,74.0,655.0,45.0,17.0,48.0,60.0,17.0,11.0,142.0,966.0,27.0,0.0,88.0,16.0,69.0,81.0,168.0,56.0,147.0,970.0,885.0,4987.0,1193.0,82.0,221.0,283.0,122.0,56.0,75.0,150.0,73.0,495.0,45.0,,,,,,,,,,,,,,,,,,
232,2020-05-14,97.0,356.0,1750.0,694.0,90.0,63.0,3.0,24.0,25.0,165.0,37.0,5.0,28.0,51.0,74.0,656.0,46.0,17.0,48.0,60.0,17.0,11.0,142.0,979.0,27.0,0.0,88.0,16.0,69.0,81.0,168.0,57.0,147.0,973.0,888.0,4997.0,1203.0,82.0,222.0,284.0,122.0,57.0,76.0,150.0,73.0,496.0,45.0,,,,,,,,,,,,,,,,,,
50,2020-05-15,97.0,357.0,1765.0,697.0,90.0,63.0,3.0,24.0,25.0,165.0,37.0,5.0,28.0,68.0,74.0,657.0,46.0,17.0,48.0,60.0,17.0,10.0,142.0,983.0,27.0,0.0,88.0,16.0,69.0,81.0,168.0,57.0,147.0,977.0,888.0,5027.0,1236.0,82.0,224.0,284.0,122.0,57.0,76.0,150.0,73.0,501.0,45.0,,,,,,,,,,,,,,,,,,
2,2020-05-16,98.0,358.0,1765.0,698.0,90.0,63.0,3.0,24.0,25.0,165.0,37.0,5.0,28.0,70.0,74.0,657.0,46.0,,48.0,60.0,17.0,10.0,142.0,989.0,27.0,0.0,88.0,16.0,69.0,81.0,168.0,58.0,147.0,979.0,890.0,5036.0,1251.0,83.0,224.0,285.0,122.0,57.0,,150.0,73.0,503.0,45.0,17.0,76.0,,,,,,,,,,,,,,,,
250,2020-05-17,99.0,358.0,1768.0,698.0,90.0,63.0,3.0,24.0,25.0,165.0,37.0,5.0,28.0,70.0,74.0,657.0,47.0,17.0,48.0,60.0,17.0,10.0,142.0,999.0,27.0,0.0,88.0,16.0,69.0,81.0,168.0,60.0,147.0,984.0,898.0,5050.0,1251.0,83.0,225.0,286.0,122.0,57.0,76.0,150.0,73.0,503.0,45.0,,,,,,,,,,,,,,,,,,
121,2020-05-18,99.0,358.0,1768.0,699.0,90.0,63.0,3.0,24.0,25.0,165.0,37.0,5.0,28.0,71.0,74.0,657.0,47.0,,48.0,60.0,17.0,10.0,142.0,1006.0,27.0,0.0,88.0,16.0,69.0,81.0,168.0,60.0,147.0,988.0,898.0,5055.0,1251.0,83.0,225.0,287.0,122.0,57.0,,150.0,73.0,504.0,45.0,17.0,76.0,,,,,,,,,,,,,,,,
162,2020-05-19,99.0,358.0,1771.0,700.0,90.0,63.0,3.0,24.0,25.0,166.0,37.0,5.0,28.0,73.0,74.0,658.0,47.0,,48.0,60.0,17.0,10.0,142.0,1014.0,27.0,0.0,88.0,16.0,69.0,81.0,168.0,60.0,147.0,991.0,900.0,5065.0,1276.0,83.0,227.0,287.0,122.0,57.0,,150.0,73.0,506.0,45.0,17.0,76.0,,,,,,,,,,,,,,,,
157,2020-05-20,99.0,358.0,1771.0,699.0,90.0,63.0,3.0,24.0,25.0,166.0,37.0,5.0,28.0,74.0,74.0,658.0,47.0,,48.0,60.0,17.0,10.0,142.0,1015.0,27.0,0.0,88.0,16.0,69.0,81.0,168.0,61.0,148.0,991.0,900.0,5070.0,1284.0,83.0,227.0,290.0,122.0,58.0,,150.0,73.0,506.0,45.0,17.0,76.0,,,,,,,,,,,,,,,,
126,2020-05-21,99.0,358.0,1774.0,699.0,91.0,63.0,3.0,24.0,25.0,166.0,37.0,5.0,28.0,74.0,74.0,658.0,47.0,,48.0,60.0,17.0,10.0,142.0,1018.0,27.0,0.0,88.0,16.0,69.0,81.0,168.0,62.0,148.0,996.0,901.0,5075.0,1302.0,83.0,227.0,290.0,122.0,60.0,,150.0,73.0,506.0,45.0,17.0,76.0,,,,,,,,,,,,,,,,
69,2020-05-22,99.0,358.0,1780.0,699.0,91.0,63.0,3.0,24.0,25.0,166.0,37.0,5.0,28.0,75.0,74.0,658.0,47.0,,48.0,60.0,17.0,10.0,142.0,1019.0,27.0,0.0,88.0,16.0,69.0,81.0,168.0,64.0,148.0,997.0,904.0,5133.0,1315.0,83.0,227.0,292.0,122.0,60.0,,150.0,74.0,506.0,45.0,17.0,76.0,,,,,,,,,,,,,,,,
177,2020-05-23,99.0,358.0,1780.0,699.0,91.0,63.0,3.0,24.0,25.0,167.0,37.0,5.0,28.0,78.0,74.0,658.0,47.0,,48.0,60.0,17.0,10.0,142.0,1024.0,27.0,0.0,88.0,16.0,69.0,81.0,168.0,64.0,149.0,998.0,904.0,5136.0,1322.0,83.0,227.0,294.0,122.0,60.0,,150.0,74.0,506.0,45.0,17.0,76.0,,,,,,,,,,,,,,,,
151,2020-05-24,100.0,358.0,1781.0,699.0,91.0,63.0,3.0,24.0,25.0,167.0,37.0,5.0,28.0,79.0,74.0,658.0,47.0,,48.0,60.0,17.0,10.0,142.0,1030.0,27.0,0.0,88.0,16.0,69.0,81.0,168.0,64.0,149.0,999.0,904.0,5138.0,1322.0,83.0,227.0,295.0,122.0,60.0,,150.0,74.0,506.0,45.0,17.0,76.0,,,,,,,,,,,,,,,,
129,2020-05-25,100.0,358.0,1781.0,699.0,91.0,63.0,3.0,24.0,25.0,167.0,37.0,5.0,28.0,80.0,74.0,662.0,47.0,,48.0,60.0,17.0,10.0,142.0,1039.0,27.0,0.0,88.0,16.0,69.0,81.0,168.0,64.0,149.0,999.0,904.0,5152.0,1322.0,83.0,227.0,295.0,122.0,60.0,,150.0,75.0,506.0,45.0,17.0,76.0,,,,,,,,,,,,,,,,
82,2020-05-26,100.0,358.0,1781.0,699.0,91.0,63.0,3.0,24.0,25.0,167.0,37.0,5.0,28.0,81.0,74.0,666.0,47.0,,48.0,60.0,17.0,10.0,142.0,1054.0,27.0,0.0,88.0,16.0,69.0,81.0,168.0,65.0,149.0,999.0,904.0,5160.0,1333.0,83.0,227.0,295.0,122.0,60.0,,150.0,75.0,507.0,45.0,17.0,76.0,,,,,,,,,,,,,,,,
166,2020-05-27,100.0,358.0,1781.0,699.0,91.0,63.0,3.0,24.0,25.0,167.0,37.0,5.0,28.0,81.0,74.0,672.0,47.0,,48.0,60.0,17.0,10.0,142.0,1057.0,27.0,0.0,88.0,16.0,69.0,81.0,168.0,65.0,149.0,1000.0,904.0,5170.0,1336.0,83.0,227.0,296.0,122.0,60.0,,150.0,75.0,507.0,45.0,17.0,76.0,,,,,,,,,,,,,,,,
65,2020-05-28,100.0,358.0,1782.0,699.0,92.0,63.0,3.0,24.0,25.0,167.0,37.0,5.0,28.0,81.0,74.0,674.0,47.0,17.0,48.0,60.0,17.0,10.0,142.0,1066.0,27.0,0.0,88.0,16.0,69.0,81.0,168.0,65.0,149.0,1000.0,905.0,5180.0,1341.0,83.0,227.0,296.0,122.0,60.0,76.0,150.0,75.0,507.0,45.0,,,,,,,,,,,,,,,,,,
217,2020-05-29,100.0,358.0,1782.0,699.0,92.0,63.0,3.0,24.0,25.0,167.0,37.0,5.0,28.0,82.0,74.0,682.0,47.0,17.0,48.0,60.0,17.0,10.0,142.0,1071.0,27.0,0.0,88.0,16.0,69.0,81.0,168.0,65.0,149.0,1002.0,906.0,5195.0,1341.0,83.0,227.0,297.0,122.0,60.0,76.0,150.0,76.0,507.0,45.0,,,,,,,,,,,,,,,,,,
168,2020-05-30,100.0,358.0,1782.0,699.0,92.0,63.0,3.0,24.0,25.0,167.0,37.0,5.0,28.0,82.0,74.0,703.0,47.0,17.0,48.0,60.0,17.0,10.0,142.0,1078.0,27.0,0.0,88.0,16.0,69.0,81.0,168.0,65.0,149.0,1004.0,906.0,5217.0,1359.0,83.0,227.0,298.0,122.0,64.0,76.0,150.0,76.0,507.0,45.0,,,,,,,,,,,,,,,,,,
76,2020-05-31,100.0,358.0,1782.0,699.0,92.0,63.0,3.0,24.0,25.0,167.0,37.0,5.0,28.0,82.0,74.0,729.0,47.0,17.0,48.0,60.0,17.0,10.0,142.0,1081.0,27.0,0.0,88.0,16.0,69.0,81.0,168.0,65.0,149.0,1003.0,907.0,5231.0,1359.0,83.0,227.0,298.0,122.0,64.0,76.0,150.0,76.0,507.0,45.0,,,,,,,,,,,,,,,,,,
152,2020-06-01,100.0,358.0,1783.0,699.0,92.0,63.0,3.0,24.0,25.0,167.0,37.0,5.0,28.0,82.0,74.0,746.0,47.0,,48.0,60.0,17.0,10.0,142.0,1085.0,27.0,0.0,88.0,16.0,69.0,81.0,168.0,65.0,149.0,1003.0,909.0,5236.0,1359.0,83.0,227.0,298.0,122.0,64.0,,150.0,76.0,507.0,45.0,17.0,76.0,,,,,,,,,,,,,,,,
165,2020-06-02,100.0,358.0,1783.0,699.0,92.0,63.0,3.0,24.0,25.0,168.0,37.0,5.0,28.0,82.0,74.0,758.0,47.0,,48.0,60.0,17.0,10.0,142.0,1091.0,27.0,0.0,88.0,16.0,69.0,81.0,168.0,65.0,149.0,1003.0,909.0,5249.0,1370.0,83.0,227.0,298.0,122.0,64.0,,151.0,76.0,508.0,45.0,17.0,76.0,,,,,,,,,,,,,,,,
80,2020-06-03,100.0,358.0,1783.0,699.0,92.0,63.0,3.0,24.0,25.0,167.0,37.0,5.0,28.0,82.0,74.0,774.0,47.0,17.0,48.0,60.0,17.0,10.0,142.0,1096.0,27.0,0.0,88.0,16.0,69.0,81.0,168.0,66.0,149.0,1003.0,906.0,5283.0,1373.0,83.0,227.0,298.0,122.0,64.0,76.0,151.0,76.0,508.0,45.0,,,,,,,,,,,,,,,,,,
124,2020-06-04,100.0,358.0,1783.0,699.0,92.0,63.0,3.0,24.0,25.0,167.0,37.0,5.0,28.0,82.0,74.0,780.0,47.0,17.0,48.0,60.0,17.0,10.0,142.0,1099.0,27.0,0.0,88.0,16.0,69.0,81.0,168.0,66.0,149.0,1005.0,907.0,5295.0,1375.0,83.0,227.0,298.0,122.0,65.0,76.0,151.0,76.0,509.0,45.0,,,,,,,,,,,,,,,,,,
156,2020-06-05,100.0,358.0,1783.0,699.0,92.0,63.0,3.0,24.0,25.0,167.0,37.0,5.0,28.0,82.0,74.0,786.0,47.0,17.0,48.0,60.0,17.0,10.0,142.0,1102.0,27.0,0.0,88.0,16.0,69.0,81.0,168.0,66.0,149.0,1005.0,907.0,5323.0,1381.0,83.0,227.0,298.0,122.0,65.0,76.0,151.0,76.0,509.0,45.0,,,,,,,,,,,,,,,,,,
178,2020-06-06,100.0,358.0,1783.0,699.0,92.0,63.0,3.0,24.0,25.0,168.0,37.0,5.0,28.0,82.0,74.0,792.0,47.0,17.0,48.0,60.0,17.0,10.0,142.0,1105.0,27.0,0.0,88.0,16.0,69.0,81.0,168.0,66.0,151.0,1006.0,904.0,5343.0,1387.0,83.0,227.0,299.0,122.0,65.0,76.0,151.0,75.0,509.0,45.0,,,,,,,,,,,,,,,,,,
70,2020-06-07,100.0,358.0,1784.0,699.0,92.0,63.0,3.0,24.0,25.0,168.0,37.0,5.0,28.0,82.0,74.0,797.0,47.0,17.0,48.0,60.0,17.0,10.0,142.0,1109.0,27.0,0.0,88.0,16.0,69.0,81.0,168.0,66.0,151.0,1007.0,904.0,5369.0,1387.0,83.0,227.0,299.0,122.0,65.0,76.0,151.0,75.0,509.0,45.0,,,,,,,,,,,,,,,,,,
228,2020-06-08,100.0,358.0,1784.0,699.0,92.0,63.0,3.0,24.0,25.0,168.0,37.0,5.0,28.0,82.0,74.0,799.0,47.0,17.0,48.0,60.0,17.0,10.0,142.0,1117.0,27.0,0.0,88.0,16.0,69.0,81.0,168.0,66.0,151.0,1007.0,907.0,5383.0,1387.0,83.0,227.0,299.0,122.0,65.0,76.0,151.0,75.0,509.0,45.0,,,,,,,,,,,,,,,,,,
53,2020-06-09,100.0,359.0,1784.0,699.0,92.0,63.0,3.0,24.0,25.0,168.0,37.0,5.0,28.0,82.0,74.0,802.0,47.0,17.0,48.0,60.0,17.0,10.0,142.0,1121.0,27.0,0.0,88.0,16.0,69.0,81.0,168.0,66.0,151.0,1007.0,907.0,5396.0,1397.0,83.0,227.0,299.0,122.0,67.0,76.0,152.0,75.0,511.0,45.0,,,,,,,,149.0,,,,,,,,,,
7,2020-06-10,100.0,359.0,1785.0,699.0,92.0,63.0,3.0,24.0,25.0,168.0,37.0,5.0,28.0,82.0,74.0,805.0,47.0,17.0,48.0,60.0,17.0,10.0,142.0,1125.0,27.0,0.0,88.0,16.0,69.0,81.0,168.0,66.0,151.0,1008.0,910.0,5408.0,1398.0,83.0,227.0,299.0,122.0,67.0,76.0,153.0,75.0,511.0,45.0,,,,,,,,,,,,,,,,,,
242,2020-06-11,100.0,360.0,1785.0,699.0,92.0,63.0,3.0,24.0,25.0,168.0,37.0,5.0,28.0,82.0,74.0,808.0,47.0,17.0,48.0,60.0,17.0,10.0,142.0,1132.0,27.0,0.0,88.0,16.0,69.0,81.0,168.0,66.0,151.0,1014.0,912.0,5426.0,1398.0,83.0,227.0,299.0,122.0,68.0,76.0,153.0,76.0,511.0,45.0,,,,,,,,,,,,,,,,,,
230,2020-06-12,100.0,360.0,1785.0,699.0,92.0,63.0,3.0,24.0,25.0,168.0,37.0,5.0,28.0,82.0,74.0,810.0,47.0,17.0,48.0,60.0,17.0,10.0,142.0,1137.0,27.0,0.0,88.0,16.0,69.0,81.0,168.0,66.0,151.0,1017.0,915.0,5448.0,1399.0,83.0,227.0,299.0,122.0,68.0,76.0,153.0,77.0,513.0,45.0,,,,,,,,,,,,,,,,,,
52,2020-06-13,100.0,360.0,1786.0,699.0,92.0,63.0,3.0,24.0,25.0,168.0,37.0,5.0,28.0,82.0,74.0,812.0,47.0,17.0,48.0,60.0,17.0,11.0,142.0,1144.0,27.0,0.0,88.0,16.0,69.0,81.0,168.0,66.0,151.0,1019.0,918.0,5473.0,1402.0,83.0,227.0,299.0,122.0,69.0,76.0,153.0,77.0,513.0,45.0,,,,,,,,,,,,,,,,,,
14,2020-06-14,100.0,360.0,1786.0,699.0,92.0,63.0,3.0,24.0,25.0,168.0,37.0,5.0,28.0,82.0,74.0,821.0,47.0,17.0,48.0,60.0,17.0,11.0,142.0,1154.0,27.0,0.0,88.0,16.0,69.0,81.0,168.0,66.0,151.0,1019.0,919.0,5497.0,1402.0,83.0,227.0,299.0,122.0,69.0,76.0,153.0,77.0,513.0,45.0,,,,,,,,,,,,,,,,,,
237,2020-06-15,100.0,360.0,1786.0,699.0,92.0,63.0,3.0,24.0,25.0,168.0,37.0,5.0,28.0,82.0,74.0,822.0,47.0,17.0,48.0,60.0,17.0,11.0,142.0,1163.0,27.0,0.0,88.0,16.0,69.0,81.0,168.0,66.0,151.0,1021.0,919.0,5544.0,1402.0,83.0,227.0,299.0,122.0,69.0,76.0,153.0,77.0,513.0,45.0,,,,,,,,,,,,,,,,,,
216,2020-06-16,100.0,360.0,1786.0,699.0,92.0,63.0,3.0,24.0,25.0,168.0,37.0,5.0,28.0,82.0,74.0,825.0,47.0,17.0,48.0,60.0,17.0,11.0,142.0,1170.0,27.0,0.0,88.0,16.0,69.0,81.0,168.0,66.0,151.0,1021.0,919.0,5592.0,1411.0,83.0,227.0,299.0,122.0,71.0,76.0,154.0,77.0,516.0,45.0,,,,,,,,,,,,,,,,,,
63,2020-06-17,100.0,360.0,1787.0,699.0,92.0,63.0,3.0,24.0,25.0,168.0,37.0,5.0,28.0,82.0,74.0,826.0,47.0,17.0,48.0,60.0,17.0,11.0,142.0,1176.0,27.0,0.0,88.0,16.0,69.0,81.0,168.0,66.0,151.0,1022.0,919.0,5619.0,1413.0,83.0,227.0,299.0,122.0,71.0,76.0,154.0,78.0,516.0,45.0,,,,,,,,,,,,,,,,,,
164,2020-06-18,100.0,363.0,1790.0,699.0,92.0,63.0,3.0,24.0,25.0,168.0,37.0,5.0,28.0,82.0,74.0,827.0,47.0,17.0,48.0,60.0,17.0,11.0,142.0,1178.0,27.0,0.0,88.0,16.0,69.0,81.0,168.0,66.0,151.0,1023.0,920.0,5633.0,1420.0,83.0,227.0,299.0,122.0,72.0,76.0,155.0,79.0,518.0,45.0,,,,,,,,,,,,,,,,,,
81,2020-06-19,101.0,363.0,1794.0,699.0,92.0,63.0,3.0,24.0,25.0,168.0,37.0,5.0,28.0,82.0,74.0,830.0,47.0,17.0,48.0,60.0,17.0,11.0,142.0,1184.0,27.0,0.0,88.0,16.0,69.0,82.0,168.0,66.0,151.0,1025.0,922.0,5674.0,1426.0,83.0,227.0,299.0,122.0,72.0,76.0,155.0,79.0,521.0,45.0,,,,,,,,,,,,,,,,,,
74,2020-06-20,101.0,363.0,1798.0,699.0,92.0,63.0,3.0,24.0,25.0,168.0,37.0,5.0,28.0,82.0,74.0,833.0,47.0,17.0,48.0,60.0,17.0,11.0,142.0,1189.0,27.0,0.0,89.0,16.0,69.0,82.0,168.0,66.0,151.0,1027.0,922.0,5709.0,1428.0,84.0,227.0,299.0,122.0,72.0,77.0,155.0,80.0,521.0,46.0,,,,,,,,,,,,,,,,,,
172,2020-06-21,101.0,363.0,1806.0,700.0,92.0,63.0,3.0,24.0,25.0,168.0,37.0,5.0,28.0,82.0,74.0,838.0,47.0,17.0,48.0,60.0,17.0,11.0,142.0,1192.0,27.0,0.0,89.0,16.0,69.0,82.0,170.0,66.0,151.0,1031.0,924.0,5748.0,1428.0,84.0,227.0,299.0,122.0,72.0,77.0,156.0,80.0,521.0,46.0,,,,,,,,,,,,,,,,,,
154,2020-06-22,101.0,363.0,1806.0,700.0,92.0,63.0,3.0,24.0,25.0,168.0,37.0,5.0,28.0,82.0,74.0,838.0,47.0,17.0,48.0,60.0,17.0,11.0,142.0,1195.0,27.0,0.0,89.0,16.0,69.0,82.0,170.0,66.0,151.0,1038.0,924.0,5783.0,1428.0,84.0,227.0,299.0,122.0,72.0,77.0,156.0,80.0,521.0,46.0,,,,,,,,,,,,,,,,,,
127,2020-06-23,101.0,365.0,1806.0,702.0,92.0,63.0,3.0,24.0,25.0,168.0,37.0,5.0,28.0,82.0,74.0,838.0,47.0,17.0,48.0,60.0,17.0,11.0,142.0,1197.0,27.0,0.0,89.0,16.0,69.0,82.0,170.0,66.0,151.0,1042.0,926.0,5812.0,1433.0,84.0,227.0,300.0,122.0,72.0,77.0,156.0,80.0,523.0,46.0,,,,,,,,,,,,,,,,,,
67,2020-06-24,101.0,365.0,1809.0,702.0,92.0,64.0,3.0,24.0,25.0,168.0,37.0,5.0,28.0,82.0,74.0,838.0,47.0,17.0,49.0,60.0,17.0,11.0,142.0,1199.0,27.0,0.0,90.0,16.0,69.0,82.0,170.0,66.0,151.0,1054.0,929.0,5840.0,1434.0,84.0,227.0,300.0,122.0,72.0,77.0,156.0,80.0,523.0,46.0,,,,,,,,,,,,,,,,,,
181,2020-06-25,101.0,365.0,1809.0,703.0,92.0,64.0,3.0,24.0,26.0,168.0,37.0,5.0,28.0,82.0,74.0,841.0,47.0,17.0,49.0,60.0,17.0,11.0,142.0,1200.0,27.0,0.0,90.0,16.0,69.0,82.0,170.0,66.0,152.0,1063.0,933.0,5895.0,1438.0,84.0,227.0,300.0,122.0,72.0,77.0,156.0,80.0,523.0,46.0,,,,,,,,,,,,,,,,,,
161,2020-06-26,101.0,365.0,1811.0,704.0,92.0,64.0,3.0,24.0,26.0,168.0,37.0,5.0,28.0,82.0,74.0,842.0,47.0,17.0,49.0,60.0,17.0,11.0,142.0,1210.0,27.0,0.0,91.0,16.0,69.0,82.0,170.0,66.0,152.0,1074.0,937.0,5943.0,1444.0,84.0,227.0,300.0,122.0,72.0,77.0,156.0,80.0,523.0,46.0,,,,,,,,,,,,,,,,,,
120,2020-06-27,101.0,366.0,1812.0,704.0,92.0,64.0,3.0,24.0,26.0,168.0,37.0,6.0,28.0,82.0,74.0,844.0,47.0,17.0,49.0,60.0,17.0,11.0,142.0,1216.0,27.0,0.0,91.0,16.0,69.0,82.0,172.0,66.0,152.0,1090.0,941.0,5997.0,1451.0,84.0,227.0,300.0,122.0,72.0,77.0,156.0,80.0,523.0,46.0,,,,,,,,,,,,,,,,,,
249,2020-06-28,101.0,366.0,1814.0,705.0,92.0,64.0,3.0,24.0,26.0,168.0,37.0,6.0,28.0,82.0,74.0,844.0,47.0,17.0,49.0,60.0,17.0,11.0,142.0,1221.0,27.0,0.0,92.0,16.0,69.0,82.0,172.0,69.0,152.0,1101.0,946.0,6054.0,1455.0,84.0,227.0,300.0,122.0,72.0,77.0,156.0,80.0,523.0,46.0,,,,,,,,,,,,,,,,,,
1,2020-06-29,101.0,366.0,1816.0,705.0,92.0,64.0,3.0,24.0,26.0,168.0,37.0,6.0,28.0,82.0,74.0,845.0,47.0,17.0,49.0,60.0,17.0,11.0,142.0,1222.0,27.0,0.0,92.0,16.0,69.0,82.0,173.0,69.0,152.0,1109.0,949.0,6114.0,1464.0,84.0,227.0,300.0,122.0,72.0,77.0,156.0,80.0,523.0,46.0,,,,,,,,,,,,,,,,,,
119,2020-06-30,101.0,375.0,1816.0,705.0,92.0,64.0,3.0,24.0,26.0,168.0,37.0,6.0,28.0,82.0,74.0,845.0,47.0,17.0,49.0,60.0,17.0,11.0,142.0,1239.0,27.0,0.0,94.0,16.0,69.0,82.0,174.0,76.0,152.0,1122.0,949.0,6171.0,1471.0,84.0,227.0,300.0,122.0,74.0,77.0,156.0,81.0,523.0,46.0,,,,,,,,,,,,,,,,,,
257,2020-07-01,101.0,379.0,1816.0,705.0,92.0,64.0,3.0,24.0,26.0,168.0,37.0,6.0,28.0,82.0,74.0,846.0,47.0,,49.0,60.0,17.0,11.0,142.0,1250.0,27.0,0.0,94.0,16.0,69.0,82.0,174.0,76.0,153.0,1132.0,960.0,6225.0,1502.0,84.0,227.0,300.0,122.0,74.0,,156.0,81.0,524.0,46.0,17.0,77.0,,,,,,,,,,,,,,,,
204,2020-07-02,103.0,381.0,1843.0,706.0,92.0,64.0,3.0,24.0,26.0,169.0,37.0,6.0,28.0,82.0,74.0,850.0,47.0,,49.0,60.0,17.0,12.0,142.0,1263.0,27.0,0.0,94.0,16.0,69.0,82.0,174.0,79.0,153.0,1146.0,967.0,6292.0,1508.0,84.0,227.0,300.0,122.0,75.0,,157.0,81.0,525.0,46.0,17.0,77.0,,,,,,,,,,,,,,,,
42,2020-07-03,103.0,383.0,1851.0,708.0,92.0,64.0,4.0,24.0,28.0,169.0,37.0,6.0,28.0,82.0,74.0,854.0,47.0,,49.0,60.0,17.0,21.0,142.0,1267.0,,0.0,95.0,16.0,69.0,82.0,176.0,82.0,153.0,1165.0,978.0,6399.0,1521.0,84.0,228.0,300.0,122.0,75.0,,160.0,81.0,525.0,46.0,,,17.0,149.0,27.0,77.0,,,,,,,,,,,,
23,2020-07-04,103.0,386.0,1851.0,709.0,92.0,64.0,4.0,24.0,28.0,169.0,37.0,6.0,28.0,82.0,74.0,858.0,47.0,,49.0,60.0,17.0,21.0,142.0,1275.0,,0.0,95.0,16.0,69.0,82.0,182.0,84.0,154.0,1191.0,987.0,6523.0,1545.0,84.0,228.0,300.0,122.0,75.0,,160.0,86.0,525.0,46.0,,,17.0,149.0,27.0,77.0,,,,,,,,,,,,
259,2020-07-05,103.0,386.0,1851.0,709.0,93.0,64.0,4.0,24.0,28.0,169.0,37.0,6.0,28.0,82.0,74.0,862.0,47.0,17.0,49.0,60.0,17.0,51.0,142.0,1275.0,27.0,0.0,97.0,16.0,69.0,82.0,183.0,86.0,154.0,1218.0,1003.0,6654.0,1565.0,84.0,228.0,300.0,122.0,75.0,77.0,160.0,86.0,525.0,46.0,,,,,,,,,,,,,,,,,,
215,2020-07-06,103.0,386.0,1885.0,710.0,95.0,64.0,4.0,24.0,28.0,169.0,37.0,6.0,28.0,82.0,74.0,868.0,47.0,,49.0,60.0,17.0,85.0,142.0,1276.0,,0.0,98.0,16.0,70.0,82.0,183.0,87.0,155.0,1239.0,1010.0,6765.0,1585.0,84.0,228.0,300.0,122.0,75.0,,160.0,86.0,525.0,46.0,,,17.0,149.0,27.0,77.0,,,,,,,,,,,,
33,2020-07-07,103.0,401.0,1893.0,712.0,96.0,64.0,4.0,24.0,28.0,169.0,37.0,6.0,28.0,82.0,74.0,877.0,47.0,,49.0,60.0,18.0,107.0,142.0,1277.0,,0.0,98.0,16.0,71.0,82.0,186.0,87.0,155.0,1255.0,1019.0,6867.0,1596.0,85.0,228.0,300.0,122.0,75.0,,160.0,86.0,525.0,46.0,,,18.0,,27.0,77.0,149.0,,,,,,,,,,,
197,2020-07-08,103.0,404.0,1905.0,716.0,98.0,64.0,4.0,24.0,28.0,171.0,37.0,9.0,28.0,82.0,74.0,878.0,47.0,18.0,49.0,60.0,18.0,110.0,142.0,1277.0,27.0,0.0,98.0,16.0,71.0,82.0,187.0,87.0,155.0,1282.0,1030.0,6973.0,1605.0,85.0,228.0,300.0,122.0,75.0,77.0,163.0,86.0,526.0,46.0,,,,,,,,,,,,,,,,,,
84,2020-07-09,104.0,413.0,1905.0,717.0,100.0,64.0,4.0,24.0,28.0,171.0,37.0,9.0,28.0,82.0,74.0,885.0,47.0,,49.0,60.0,18.0,122.0,144.0,1278.0,,0.0,98.0,16.0,71.0,82.0,188.0,88.0,155.0,1330.0,1040.0,7048.0,1628.0,86.0,229.0,300.0,122.0,75.0,,160.0,88.0,526.0,46.0,,,18.0,149.0,27.0,77.0,,,,,,,,,,,,
72,2020-07-10,104.0,415.0,1915.0,720.0,102.0,66.0,4.0,24.0,28.0,171.0,37.0,9.0,28.0,82.0,74.0,898.0,47.0,19.0,49.0,60.0,18.0,122.0,145.0,1282.0,27.0,0.0,99.0,16.0,71.0,82.0,189.0,90.0,155.0,1352.0,1062.0,7272.0,1653.0,86.0,230.0,300.0,122.0,75.0,77.0,162.0,91.0,528.0,46.0,,,,,,,,,,,,,,,,,,
174,2020-07-11,104.0,420.0,1945.0,722.0,107.0,71.0,4.0,24.0,28.0,173.0,37.0,10.0,28.0,82.0,74.0,902.0,47.0,19.0,49.0,60.0,18.0,124.0,145.0,1283.0,28.0,0.0,100.0,16.0,71.0,83.0,196.0,90.0,155.0,1396.0,1074.0,7515.0,1685.0,86.0,230.0,300.0,122.0,76.0,77.0,162.0,92.0,528.0,46.0,,,,,,,,,,,,,,,,,,
153,2020-07-12,104.0,420.0,1967.0,726.0,114.0,75.0,4.0,24.0,28.0,176.0,37.0,10.0,29.0,82.0,74.0,908.0,47.0,,49.0,60.0,18.0,132.0,148.0,1289.0,,0.0,100.0,16.0,71.0,83.0,196.0,93.0,155.0,1431.0,1088.0,7721.0,1720.0,87.0,230.0,300.0,122.0,76.0,,162.0,92.0,528.0,47.0,,,19.0,149.0,29.0,77.0,,,,,,,,,,,,
128,2020-07-13,106.0,420.0,1967.0,731.0,119.0,80.0,5.0,24.0,28.0,178.0,37.0,10.0,29.0,82.0,74.0,917.0,47.0,19.0,49.0,60.0,18.0,145.0,148.0,1290.0,29.0,0.0,104.0,16.0,71.0,83.0,199.0,93.0,155.0,1462.0,1119.0,7927.0,1743.0,87.0,230.0,300.0,123.0,76.0,78.0,162.0,94.0,528.0,48.0,,,,,,,,,,,,,,,,,,
68,2020-07-14,106.0,447.0,2045.0,738.0,123.0,83.0,5.0,24.0,28.0,179.0,37.0,10.0,29.0,82.0,75.0,922.0,47.0,26.0,49.0,60.0,20.0,150.0,148.0,1294.0,29.0,0.0,106.0,16.0,72.0,83.0,202.0,95.0,156.0,1488.0,1137.0,8046.0,1760.0,87.0,230.0,300.0,124.0,76.0,79.0,162.0,94.0,530.0,50.0,,,,,,,,,,,,,,,,,,
179,2020-07-15,106.0,456.0,2045.0,739.0,126.0,84.0,5.0,24.0,28.0,182.0,37.0,10.0,30.0,82.0,75.0,924.0,47.0,30.0,49.0,60.0,20.0,155.0,148.0,1296.0,29.0,0.0,108.0,16.0,73.0,84.0,204.0,98.0,156.0,1530.0,1162.0,8189.0,1786.0,87.0,230.0,300.0,124.0,76.0,79.0,165.0,96.0,532.0,50.0,,,,,,,,,,,,,,,,,,
163,2020-07-16,107.0,468.0,2065.0,748.0,131.0,84.0,5.0,25.0,30.0,184.0,37.0,10.0,31.0,82.0,75.0,928.0,47.0,31.0,49.0,60.0,20.0,158.0,148.0,1304.0,29.0,0.0,110.0,16.0,74.0,84.0,209.0,103.0,161.0,1568.0,1191.0,8354.0,1826.0,89.0,230.0,300.0,125.0,76.0,80.0,166.0,97.0,536.0,50.0,,,,,,,,,,,,,,,,,,
117,2020-07-17,108.0,477.0,2126.0,760.0,138.0,84.0,5.0,25.0,32.0,192.0,38.0,10.0,42.0,82.0,76.0,937.0,47.0,32.0,49.0,60.0,20.0,162.0,149.0,1317.0,30.0,0.0,112.0,16.0,74.0,84.0,211.0,107.0,164.0,1617.0,1223.0,8640.0,1876.0,89.0,230.0,300.0,125.0,76.0,81.0,168.0,99.0,538.0,52.0,,,,,,,,,,,,,,,,,,
251,2020-07-18,109.0,490.0,2245.0,777.0,143.0,87.0,5.0,25.0,34.0,198.0,41.0,10.0,42.0,82.0,76.0,953.0,47.0,32.0,50.0,60.0,20.0,162.0,149.0,1323.0,30.0,0.0,126.0,16.0,75.0,84.0,215.0,112.0,166.0,1668.0,1223.0,8933.0,1919.0,89.0,230.0,301.0,126.0,77.0,83.0,172.0,102.0,569.0,55.0,,,,,,,,,,,,,,,,,,
0,2020-07-19,109.0,490.0,2245.0,801.0,151.0,89.0,5.0,25.0,36.0,205.0,42.0,10.0,42.0,82.0,76.0,972.0,47.0,32.0,50.0,60.0,20.0,164.0,149.0,1326.0,30.0,0.0,129.0,16.0,75.0,84.0,220.0,118.0,167.0,1668.0,1276.0,9223.0,1968.0,89.0,231.0,303.0,126.0,77.0,84.0,173.0,104.0,588.0,55.0,,,,,,,,,,,,,,,,,,
4,2020-07-20,110.0,490.0,2245.0,813.0,154.0,89.0,5.0,25.0,41.0,207.0,42.0,10.0,44.0,82.0,76.0,996.0,47.0,40.0,50.0,60.0,20.0,165.0,151.0,1339.0,30.0,0.0,132.0,16.0,75.0,84.0,225.0,124.0,167.0,1754.0,1300.0,9411.0,1998.0,89.0,231.0,303.0,126.0,77.0,84.0,177.0,104.0,613.0,56.0,,,,,,,,,,,,,,,,,,
244,2020-07-21,111.0,539.0,2469.0,834.0,156.0,93.0,5.0,25.0,43.0,209.0,42.0,10.0,44.0,83.0,76.0,1028.0,48.0,40.0,50.0,60.0,20.0,170.0,153.0,1348.0,30.0,0.0,132.0,16.0,75.0,84.0,226.0,133.0,167.0,1783.0,1318.0,9579.0,2009.0,90.0,231.0,303.0,126.0,78.0,84.0,180.0,109.0,640.0,57.0,,,,,,,,,,,,,,,,,,
227,2020-07-22,117.0,566.0,2541.0,841.0,163.0,96.0,5.0,25.0,44.0,213.0,42.0,10.0,44.0,83.0,76.0,1060.0,49.0,,51.0,60.0,20.0,172.0,155.0,1351.0,,0.0,136.0,16.0,75.0,84.0,230.0,136.0,169.0,1830.0,1333.0,9816.0,2039.0,90.0,233.0,306.0,126.0,79.0,,194.0,109.0,655.0,58.0,,,44.0,149.0,30.0,86.0,,,,,,,,,,,,
56,2020-07-23,128.0,586.0,2662.0,853.0,171.0,100.0,5.0,26.0,44.0,220.0,43.0,10.0,44.0,83.0,77.0,1113.0,55.0,47.0,52.0,60.0,20.0,172.0,157.0,1361.0,31.0,0.0,136.0,16.0,75.0,85.0,235.0,139.0,174.0,1891.0,1333.0,10054.0,2107.0,92.0,234.0,306.0,126.0,80.0,86.0,200.0,119.0,714.0,58.0,,,,,,,,,,,,,,,,,,
16,2020-07-24,145.0,586.0,2766.0,883.0,184.0,109.0,5.0,26.0,45.0,227.0,47.0,10.0,45.0,83.0,77.0,1174.0,57.0,,57.0,60.0,23.0,174.0,162.0,1367.0,,0.0,138.0,16.0,75.0,86.0,237.0,147.0,177.0,1955.0,1406.0,10420.0,2160.0,92.0,235.0,307.0,127.0,80.0,,208.0,119.0,772.0,59.0,,,47.0,149.0,31.0,86.0,,,,,,,,,,,,
235,2020-07-25,151.0,586.0,2915.0,918.0,195.0,112.0,5.0,26.0,49.0,244.0,47.0,10.0,45.0,84.0,78.0,1240.0,63.0,47.0,57.0,60.0,27.0,203.0,172.0,1371.0,31.0,0.0,140.0,16.0,75.0,86.0,239.0,147.0,177.0,2000.0,1432.0,10680.0,2188.0,92.0,235.0,310.0,127.0,85.0,87.0,216.0,119.0,869.0,61.0,,,,,,,,,,,,,,,,,,
219,2020-07-26,152.0,586.0,2915.0,941.0,200.0,116.0,6.0,28.0,59.0,250.0,47.0,12.0,45.0,84.0,78.0,1292.0,66.0,,58.0,60.0,36.0,203.0,186.0,1377.0,,0.0,140.0,17.0,75.0,86.0,239.0,151.0,179.0,2035.0,1453.0,10975.0,2206.0,92.0,235.0,310.0,127.0,85.0,,220.0,119.0,932.0,63.0,,,47.0,149.0,31.0,88.0,,,,,,,,,,,,
61,2020-07-27,153.0,586.0,2915.0,965.0,205.0,122.0,6.0,28.0,61.0,257.0,49.0,12.0,45.0,85.0,79.0,1342.0,67.0,52.0,72.0,60.0,62.0,211.0,186.0,1386.0,31.0,0.0,140.0,18.0,75.0,86.0,242.0,159.0,179.0,2068.0,1475.0,11214.0,2239.0,92.0,235.0,313.0,129.0,85.0,92.0,231.0,119.0,1010.0,65.0,,,,,,,,,,,,,,,,,,
167,2020-07-28,155.0,657.0,3188.0,1014.0,209.0,130.0,6.0,28.0,64.0,261.0,50.0,16.0,45.0,87.0,79.0,1432.0,67.0,53.0,100.0,60.0,73.0,216.0,192.0,1391.0,31.0,0.0,142.0,18.0,75.0,86.0,244.0,163.0,179.0,2091.0,1499.0,11345.0,2253.0,94.0,236.0,313.0,129.0,88.0,92.0,240.0,200.0,1096.0,70.0,,,,,,,,,,,,,,,,,,
77,2020-07-29,157.0,677.0,3430.0,1026.0,215.0,134.0,7.0,29.0,66.0,269.0,51.0,16.0,45.0,89.0,80.0,1481.0,69.0,59.0,114.0,62.0,85.0,219.0,210.0,1396.0,31.0,0.0,147.0,18.0,75.0,86.0,254.0,167.0,182.0,2146.0,1522.0,11611.0,2286.0,97.0,236.0,314.0,129.0,88.0,98.0,265.0,200.0,1172.0,74.0,,,,,,,,,,,,,,,,,,
64,2020-07-30,163.0,708.0,3651.0,1059.0,221.0,140.0,10.0,29.0,71.0,286.0,53.0,18.0,46.0,89.0,80.0,1535.0,72.0,61.0,157.0,62.0,106.0,232.0,231.0,1399.0,31.0,0.0,149.0,18.0,75.0,87.0,266.0,169.0,183.0,2199.0,1571.0,11861.0,2356.0,99.0,236.0,316.0,135.0,90.0,102.0,295.0,234.0,1282.0,77.0,,,,,,,,,,,,,,,,,,
218,2020-07-31,168.0,749.0,3841.0,1105.0,228.0,142.0,11.0,29.0,76.0,304.0,53.0,23.0,46.0,89.0,80.0,1635.0,75.0,66.0,157.0,64.0,106.0,232.0,324.0,1404.0,31.0,2.0,153.0,18.0,75.0,87.0,268.0,185.0,187.0,2256.0,1620.0,12228.0,2432.0,103.0,238.0,320.0,137.0,90.0,103.0,312.0,234.0,1449.0,90.0,,,,,,,,,,,,,,,,,,
248,2020-08-01,171.0,758.0,4057.0,1158.0,235.0,150.0,15.0,29.0,79.0,312.0,53.0,25.0,46.0,89.0,80.0,1756.0,82.0,74.0,191.0,66.0,121.0,236.0,395.0,1413.0,32.0,3.0,158.0,18.0,76.0,89.0,280.0,195.0,190.0,2313.0,1656.0,12691.0,2484.0,111.0,238.0,321.0,139.0,94.0,105.0,331.0,269.0,1609.0,91.0,,,,,,,,,,,,,,,,,,
233,2020-08-02,179.0,758.0,4252.0,1220.0,256.0,163.0,16.0,29.0,86.0,329.0,58.0,26.0,46.0,92.0,80.0,1756.0,90.0,89.0,217.0,68.0,121.0,252.0,453.0,1428.0,32.0,4.0,160.0,18.0,76.0,89.0,294.0,195.0,191.0,2387.0,1656.0,12691.0,2542.0,114.0,243.0,322.0,139.0,94.0,111.0,344.0,269.0,1796.0,101.0,,,,,,,,,,,,,,,,,,
51,2020-08-03,184.0,758.0,4446.0,1252.0,264.0,167.0,18.0,29.0,88.0,347.0,58.0,28.0,46.0,95.0,81.0,2047.0,95.0,112.0,217.0,68.0,157.0,256.0,517.0,1446.0,32.0,4.0,165.0,18.0,76.0,89.0,322.0,195.0,192.0,2461.0,1780.0,13455.0,2615.0,116.0,244.0,323.0,140.0,94.0,117.0,351.0,269.0,1977.0,112.0,,,,,,,,,,,,,,,,,,
10,2020-08-04,202.0,826.0,4527.0,1312.0,272.0,169.0,18.0,29.0,91.0,357.0,58.0,28.0,46.0,99.0,82.0,2192.0,102.0,117.0,243.0,68.0,157.0,256.0,554.0,1455.0,32.0,4.0,168.0,18.0,76.0,89.0,327.0,202.0,194.0,2510.0,1823.0,13713.0,2663.0,119.0,248.0,323.0,142.0,103.0,119.0,362.0,309.0,2143.0,124.0,,,,,,,,,,,,,,,,,,
240,2020-08-05,207.0,855.0,4720.0,1339.0,277.0,170.0,19.0,29.0,94.0,376.0,59.0,30.0,46.0,100.0,82.0,2269.0,111.0,135.0,280.0,73.0,175.0,262.0,637.0,1478.0,32.0,4.0,174.0,18.0,76.0,89.0,334.0,202.0,197.0,2559.0,1870.0,14022.0,2752.0,120.0,254.0,324.0,145.0,107.0,122.0,379.0,321.0,2268.0,144.0,,,,,,,,,,,,,,,,,,
221,2020-08-06,236.0,876.0,4916.0,1371.0,286.0,173.0,19.0,29.0,101.0,376.0,60.0,43.0,46.0,100.0,82.0,2269.0,121.0,140.0,322.0,74.0,187.0,262.0,714.0,1489.0,32.0,4.0,176.0,18.0,76.0,91.0,344.0,207.0,202.0,2623.0,1920.0,14285.0,2833.0,120.0,261.0,324.0,149.0,109.0,125.0,400.0,328.0,2388.0,155.0,,,,,,,,,,,,,,,,,,
58,2020-08-07,242.0,903.0,5141.0,1423.0,293.0,173.0,21.0,29.0,103.0,387.0,64.0,53.0,53.0,100.0,82.0,2479.0,133.0,,322.0,76.0,195.0,266.0,784.0,1503.0,32.0,5.0,177.0,18.0,76.0,91.0,356.0,224.0,208.0,2688.0,1996.0,14645.0,2952.0,122.0,266.0,330.0,152.0,114.0,,400.0,342.0,2535.0,179.0,144.0,126.0,,,,,,,,,,,,,,,,
171,2020-08-08,273.0,923.0,5396.0,1484.0,302.0,173.0,21.0,29.0,107.0,393.0,64.0,55.0,57.0,100.0,83.0,2614.0,141.0,,332.0,78.0,208.0,273.0,884.0,1514.0,32.0,6.0,180.0,32.0,76.0,95.0,368.0,230.0,211.0,2738.0,2061.0,15107.0,3059.0,126.0,268.0,331.0,153.0,124.0,,435.0,345.0,2675.0,189.0,149.0,127.0,,,,,,,,,,,,,,,,
73,2020-08-09,283.0,923.0,5574.0,1533.0,318.0,174.0,21.0,29.0,110.0,397.0,70.0,57.0,58.0,101.0,83.0,2754.0,145.0,,341.0,80.0,215.0,275.0,968.0,1528.0,32.0,7.0,181.0,34.0,76.0,96.0,380.0,243.0,221.0,2822.0,2114.0,15536.0,3187.0,128.0,275.0,342.0,153.0,124.0,,450.0,345.0,2675.0,212.0,159.0,127.0,,,,,,,,,,,,,,,,
109,2020-08-10,291.0,923.0,5769.0,1588.0,330.0,179.0,21.0,31.0,111.0,406.0,76.0,58.0,59.0,102.0,83.0,2903.0,154.0,166.0,354.0,87.0,228.0,277.0,1127.0,1541.0,32.0,7.0,182.0,35.0,76.0,96.0,397.0,246.0,226.0,2878.0,2164.0,15867.0,3187.0,128.0,285.0,364.0,154.0,124.0,131.0,465.0,345.0,2675.0,229.0,,,,,,,,,,,,,,,,,,
141,2020-08-11,298.0,923.0,5892.0,1636.0,336.0,182.0,21.0,123.0,113.0,410.0,78.0,60.0,60.0,107.0,83.0,3012.0,157.0,,357.0,92.0,234.0,277.0,1179.0,1552.0,32.0,7.0,182.0,35.0,76.0,98.0,403.0,249.0,234.0,2920.0,2205.0,16064.0,3305.0,128.0,286.0,376.0,154.0,124.0,,472.0,345.0,2675.0,238.0,167.0,132.0,,,,,,,,,,,,,,,,
192,2020-08-12,302.0,991.0,5994.0,1662.0,339.0,184.0,21.0,126.0,115.0,415.0,78.0,61.0,60.0,107.0,83.0,3084.0,162.0,,361.0,93.0,241.0,277.0,1242.0,1565.0,32.0,7.0,182.0,35.0,76.0,98.0,406.0,249.0,238.0,2956.0,2224.0,16252.0,3305.0,128.0,293.0,390.0,154.0,132.0,,475.0,376.0,3239.0,249.0,170.0,134.0,,,,,,,,,,,,,,,,
86,2020-08-13,311.0,1001.0,6178.0,1692.0,341.0,186.0,21.0,130.0,117.0,423.0,78.0,62.0,60.0,107.0,83.0,3138.0,174.0,,371.0,93.0,243.0,277.0,1307.0,1579.0,32.0,7.0,182.0,36.0,76.0,100.0,416.0,261.0,244.0,3001.0,2258.0,16474.0,3398.0,129.0,293.0,399.0,154.0,133.0,,484.0,382.0,3306.0,249.0,170.0,139.0,,,,,,,,,,,,,,,,
112,2020-08-14,317.0,1026.0,6355.0,1728.0,351.0,189.0,21.0,132.0,119.0,425.0,81.0,70.0,60.0,108.0,83.0,3215.0,175.0,173.0,380.0,93.0,248.0,277.0,1404.0,1583.0,32.0,7.0,184.0,37.0,76.0,101.0,431.0,265.0,254.0,3057.0,2304.0,16680.0,3521.0,129.0,298.0,412.0,154.0,135.0,140.0,492.0,388.0,3392.0,262.0,,,,,,,,149.0,,,,,,,,,,
134,2020-08-15,324.0,1061.0,6547.0,1776.0,364.0,190.0,21.0,132.0,123.0,430.0,82.0,81.0,61.0,109.0,83.0,3359.0,180.0,,380.0,94.0,253.0,281.0,1510.0,1593.0,33.0,8.0,184.0,38.0,76.0,102.0,443.0,269.0,270.0,3113.0,2355.0,17069.0,3638.0,129.0,301.0,425.0,154.0,136.0,,500.0,398.0,3454.0,268.0,178.0,145.0,,,,,,,,,,,,,,,,
184,2020-08-16,331.0,1061.0,6698.0,1810.0,369.0,194.0,21.0,132.0,125.0,433.0,82.0,86.0,62.0,110.0,97.0,3484.0,190.0,,392.0,97.0,256.0,281.0,1558.0,1605.0,33.0,8.0,184.0,40.0,76.0,105.0,450.0,269.0,279.0,3165.0,2415.0,17454.0,3774.0,129.0,307.0,438.0,154.0,136.0,,511.0,398.0,3454.0,268.0,184.0,148.0,,,,,,,,,,,,,,,,
99,2020-08-17,337.0,1061.0,6845.0,1863.0,394.0,196.0,21.0,132.0,126.0,435.0,83.0,90.0,63.0,110.0,102.0,3559.0,195.0,185.0,407.0,103.0,261.0,296.0,1618.0,1619.0,33.0,8.0,184.0,42.0,76.0,105.0,452.0,276.0,298.0,3221.0,2463.0,17714.0,3854.0,129.0,307.0,456.0,155.0,136.0,148.0,512.0,398.0,3454.0,281.0,,,,,,,,,,,,,,,,,,
200,2020-08-18,346.0,1119.0,6916.0,1900.0,403.0,198.0,21.0,132.0,126.0,437.0,83.0,91.0,65.0,110.0,103.0,3633.0,198.0,185.0,412.0,113.0,267.0,328.0,1656.0,1627.0,33.0,9.0,184.0,43.0,76.0,106.0,456.0,277.0,307.0,3256.0,2495.0,17875.0,3904.0,130.0,308.0,475.0,155.0,140.0,149.0,516.0,418.0,3744.0,284.0,,,,,,,,,,,,,,,,,,
49,2020-08-19,354.0,1138.0,7101.0,1924.0,440.0,209.0,21.0,133.0,128.0,437.0,84.0,95.0,65.0,110.0,103.0,3683.0,199.0,189.0,417.0,120.0,273.0,335.0,1689.0,1632.0,33.0,9.0,185.0,44.0,76.0,109.0,463.0,282.0,307.0,3280.0,2532.0,18082.0,3988.0,133.0,319.0,486.0,155.0,142.0,150.0,520.0,425.0,3787.0,285.0,,,,,,,,,,,,,,,,,,
43,2020-08-20,361.0,1164.0,7288.0,1949.0,450.0,215.0,22.0,133.0,129.0,437.0,89.0,96.0,67.0,111.0,105.0,3728.0,203.0,189.0,427.0,130.0,273.0,337.0,1759.0,1638.0,33.0,9.0,185.0,44.0,76.0,113.0,476.0,284.0,322.0,3342.0,2578.0,18268.0,4083.0,136.0,327.0,500.0,155.0,149.0,152.0,523.0,431.0,3843.0,288.0,,,,,,,,,,,,,,,,,,
206,2020-08-21,366.0,1202.0,7420.0,1998.0,462.0,219.0,22.0,134.0,131.0,438.0,100.0,97.0,68.0,111.0,105.0,3830.0,207.0,191.0,442.0,134.0,297.0,340.0,1804.0,1646.0,33.0,9.0,187.0,45.0,77.0,120.0,479.0,284.0,351.0,3415.0,2642.0,18607.0,4187.0,137.0,333.0,524.0,156.0,159.0,154.0,532.0,431.0,3900.0,303.0,,,,,,,,,,,,,,,,,,
255,2020-08-22,373.0,1243.0,7586.0,2033.0,472.0,223.0,22.0,134.0,133.0,438.0,100.0,104.0,71.0,112.0,106.0,3900.0,214.0,192.0,442.0,137.0,303.0,340.0,1834.0,1671.0,33.0,11.0,189.0,45.0,77.0,122.0,490.0,286.0,361.0,3465.0,2695.0,18865.0,4269.0,137.0,336.0,532.0,156.0,162.0,163.0,533.0,433.0,3978.0,318.0,,,,,,,,,,,,,,,,,,
27,2020-08-23,384.0,1243.0,7720.0,2072.0,482.0,225.0,22.0,134.0,135.0,448.0,107.0,104.0,71.0,113.0,107.0,3987.0,218.0,193.0,466.0,138.0,309.0,340.0,1864.0,1681.0,33.0,11.0,191.0,45.0,77.0,124.0,498.0,288.0,374.0,3531.0,2738.0,19121.0,4370.0,138.0,338.0,550.0,161.0,162.0,169.0,538.0,433.0,4068.0,331.0,,,,,,,,,,,,,,,,,,
32,2020-08-24,391.0,1243.0,7841.0,2105.0,490.0,225.0,22.0,134.0,138.0,450.0,111.0,106.0,71.0,114.0,109.0,4055.0,222.0,201.0,471.0,138.0,317.0,342.0,1889.0,1698.0,33.0,11.0,191.0,45.0,77.0,125.0,503.0,289.0,380.0,3562.0,2774.0,19333.0,4420.0,139.0,341.0,556.0,163.0,162.0,172.0,539.0,433.0,4137.0,337.0,,,,,,,,,,,,,,,,,,
213,2020-08-25,401.0,1319.0,7901.0,2129.0,492.0,227.0,22.0,135.0,141.0,451.0,114.0,109.0,71.0,114.0,109.0,4118.0,224.0,204.0,471.0,140.0,321.0,346.0,1911.0,1712.0,33.0,12.0,192.0,45.0,77.0,128.0,507.0,289.0,384.0,3592.0,2801.0,19428.0,4459.0,139.0,342.0,573.0,164.0,167.0,183.0,543.0,446.0,4187.0,342.0,,,,,,,,,,,,,,,,,,
263,2020-08-26,415.0,1326.0,8020.0,2137.0,498.0,227.0,22.0,136.0,142.0,452.0,120.0,111.0,74.0,114.0,109.0,4169.0,225.0,205.0,478.0,140.0,325.0,348.0,1943.0,1720.0,33.0,12.0,192.0,46.0,77.0,134.0,512.0,289.0,392.0,3627.0,2834.0,19610.0,4516.0,139.0,349.0,585.0,171.0,168.0,185.0,548.0,453.0,4230.0,353.0,,,,,,,,,,,,,,,,,,
25,2020-08-27,423.0,1343.0,8139.0,2159.0,502.0,228.0,22.0,137.0,142.0,452.0,135.0,119.0,74.0,114.0,118.0,4222.0,227.0,205.0,482.0,143.0,325.0,349.0,1977.0,1727.0,33.0,12.0,192.0,48.0,77.0,139.0,524.0,294.0,408.0,3681.0,2877.0,19846.0,4601.0,139.0,357.0,592.0,177.0,169.0,194.0,549.0,453.0,4273.0,353.0,,,,,,,,,,,,,,,,,,
147,2020-08-28,428.0,1374.0,8233.0,2187.0,506.0,228.0,22.0,137.0,143.0,453.0,141.0,124.0,74.0,114.0,118.0,4282.0,229.0,219.0,491.0,144.0,330.0,351.0,2013.0,1734.0,35.0,19.0,192.0,48.0,77.0,146.0,532.0,295.0,426.0,3750.0,2922.0,20096.0,4667.0,140.0,368.0,605.0,190.0,172.0,200.0,551.0,469.0,4323.0,354.0,,,,,,,,,,,,,,,,,,
105,2020-08-29,436.0,1401.0,8339.0,2209.0,508.0,228.0,22.0,137.0,145.0,454.0,151.0,127.0,74.0,114.0,119.0,4346.0,235.0,224.0,498.0,144.0,331.0,356.0,2056.0,1744.0,35.0,19.0,193.0,48.0,77.0,151.0,538.0,302.0,432.0,3806.0,2961.0,20322.0,4742.0,141.0,370.0,613.0,206.0,172.0,219.0,551.0,478.0,4362.0,360.0,,,,,,,,,,,,,,,,,,
18,2020-08-30,441.0,1401.0,8429.0,2235.0,510.0,230.0,22.0,137.0,145.0,456.0,158.0,128.0,77.0,114.0,124.0,4412.0,237.0,229.0,509.0,144.0,333.0,359.0,2084.0,1760.0,35.0,19.0,198.0,49.0,77.0,157.0,542.0,303.0,434.0,3862.0,2994.0,20569.0,4848.0,142.0,379.0,620.0,211.0,172.0,237.0,555.0,478.0,4412.0,365.0,,,,,,,,,,,,,,,,,,
264,2020-08-31,444.0,1401.0,8491.0,2255.0,515.0,230.0,22.0,137.0,145.0,457.0,164.0,128.0,77.0,114.0,125.0,4488.0,237.0,230.0,511.0,145.0,335.0,361.0,2117.0,1769.0,35.0,19.0,203.0,49.0,78.0,158.0,544.0,303.0,437.0,3904.0,3033.0,20717.0,4912.0,142.0,385.0,624.0,211.0,172.0,249.0,555.0,478.0,4457.0,365.0,,,,,,,,,,,,,,,,,,
140,2020-09-01,450.0,1448.0,8544.0,2268.0,518.0,230.0,22.0,137.0,145.0,458.0,168.0,130.0,77.0,114.0,125.0,4568.0,237.0,231.0,520.0,145.0,336.0,362.0,2139.0,1773.0,35.0,19.0,204.0,49.0,78.0,161.0,545.0,303.0,440.0,3929.0,3050.0,20817.0,4962.0,143.0,387.0,626.0,228.0,173.0,256.0,555.0,480.0,4493.0,368.0,,,,,,,,,,,,,,,,,,
194,2020-09-02,452.0,1452.0,8656.0,2276.0,523.0,230.0,22.0,137.0,145.0,458.0,170.0,133.0,77.0,114.0,128.0,4598.0,237.0,232.0,524.0,147.0,337.0,362.0,2139.0,1781.0,35.0,19.0,207.0,49.0,78.0,167.0,549.0,306.0,445.0,3975.0,3068.0,20987.0,5020.0,144.0,394.0,653.0,232.0,173.0,261.0,558.0,482.0,4535.0,380.0,,,,,,,,,,,,,,,,,,
88,2020-09-03,454.0,1474.0,8752.0,2297.0,524.0,231.0,22.0,137.0,145.0,459.0,175.0,137.0,78.0,114.0,129.0,4636.0,239.0,232.0,528.0,150.0,338.0,363.0,2152.0,1797.0,35.0,22.0,210.0,49.0,78.0,168.0,555.0,307.0,451.0,4013.0,3092.0,21128.0,5096.0,145.0,396.0,666.0,236.0,173.0,268.0,562.0,484.0,4559.0,380.0,,,,,,,,,,,,,,,,,,
114,2020-09-04,458.0,1493.0,8826.0,2308.0,526.0,231.0,22.0,137.0,146.0,459.0,178.0,141.0,82.0,114.0,130.0,4685.0,239.0,234.0,534.0,151.0,338.0,368.0,2172.0,1803.0,35.0,22.0,214.0,50.0,78.0,172.0,559.0,307.0,463.0,4055.0,3125.0,21339.0,5177.0,145.0,400.0,677.0,238.0,173.0,280.0,563.0,485.0,4586.0,383.0,,,,,,,,149.0,,,,,,,,,,
136,2020-09-05,459.0,1512.0,8900.0,2322.0,531.0,231.0,22.0,137.0,146.0,459.0,178.0,145.0,82.0,114.0,130.0,4755.0,239.0,234.0,537.0,153.0,338.0,370.0,2200.0,1809.0,35.0,22.0,226.0,50.0,78.0,173.0,567.0,309.0,471.0,4079.0,3160.0,21475.0,5285.0,145.0,401.0,681.0,241.0,174.0,284.0,564.0,487.0,4604.0,388.0,,,,,,,,149.0,,,,,,,,,,
183,2020-09-06,462.0,1512.0,8976.0,2335.0,534.0,232.0,22.0,137.0,146.0,459.0,181.0,145.0,84.0,114.0,131.0,4782.0,240.0,234.0,540.0,157.0,338.0,370.0,2220.0,1814.0,35.0,23.0,231.0,50.0,78.0,175.0,573.0,309.0,474.0,4101.0,3188.0,21656.0,5352.0,146.0,402.0,697.0,241.0,174.0,286.0,564.0,487.0,4637.0,399.0,,,,,,,,,,,,,,,,,,
97,2020-09-07,462.0,1512.0,9043.0,2339.0,538.0,233.0,22.0,137.0,146.0,459.0,184.0,145.0,84.0,114.0,132.0,4782.0,240.0,234.0,543.0,157.0,339.0,371.0,2220.0,1824.0,35.0,23.0,239.0,50.0,78.0,178.0,583.0,310.0,482.0,4122.0,3211.0,21772.0,5431.0,146.0,402.0,704.0,243.0,174.0,287.0,564.0,487.0,4671.0,424.0,,,,,,,,,,,,,,,,,,
198,2020-09-08,464.0,1575.0,9088.0,2354.0,538.0,234.0,22.0,137.0,146.0,459.0,184.0,145.0,84.0,114.0,132.0,4817.0,241.0,,547.0,157.0,339.0,371.0,2229.0,1828.0,35.0,23.0,242.0,50.0,78.0,179.0,583.0,314.0,492.0,4136.0,3225.0,21849.0,5460.0,145.0,402.0,708.0,243.0,176.0,,564.0,494.0,4698.0,424.0,234.0,290.0,,,,,,,,,,,,,,,,
47,2020-09-09,465.0,1583.0,9169.0,2360.0,539.0,235.0,22.0,137.0,146.0,460.0,184.0,146.0,85.0,114.0,134.0,4834.0,242.0,,551.0,157.0,339.0,371.0,2238.0,1834.0,35.0,23.0,249.0,50.0,78.0,184.0,588.0,316.0,497.0,4148.0,3258.0,22019.0,5523.0,146.0,407.0,712.0,244.0,178.0,,566.0,494.0,4719.0,435.0,234.0,292.0,,,,,,,,,,,,,,,,
40,2020-09-10,466.0,1594.0,9232.0,2378.0,540.0,235.0,22.0,137.0,146.0,464.0,189.0,146.0,86.0,114.0,134.0,4845.0,242.0,234.0,554.0,158.0,339.0,371.0,2244.0,1845.0,35.0,23.0,256.0,50.0,78.0,186.0,589.0,319.0,502.0,4172.0,3281.0,22168.0,5629.0,147.0,409.0,718.0,244.0,178.0,293.0,568.0,499.0,4730.0,443.0,,,,,,,,,,,,,,,,,,
208,2020-09-11,467.0,1600.0,9324.0,2400.0,542.0,235.0,22.0,137.0,146.0,464.0,193.0,146.0,86.0,114.0,134.0,4869.0,243.0,234.0,557.0,158.0,339.0,372.0,2259.0,1849.0,35.0,23.0,267.0,50.0,78.0,191.0,593.0,323.0,502.0,4202.0,3309.0,22444.0,5741.0,147.0,407.0,722.0,244.0,178.0,295.0,569.0,503.0,4751.0,445.0,,,,,,,,,,,,,,,,,,
253,2020-09-12,468.0,1607.0,9444.0,2421.0,544.0,236.0,22.0,137.0,146.0,464.0,194.0,146.0,87.0,114.0,137.0,4893.0,244.0,234.0,564.0,158.0,339.0,372.0,2269.0,1860.0,35.0,23.0,275.0,50.0,78.0,200.0,606.0,328.0,517.0,4227.0,3339.0,22631.0,5823.0,147.0,408.0,724.0,244.0,179.0,296.0,574.0,504.0,4787.0,450.0,,,,,,,,,,,,,,,,,,
29,2020-09-13,471.0,1607.0,9527.0,2435.0,545.0,236.0,23.0,137.0,146.0,464.0,194.0,147.0,87.0,114.0,137.0,4932.0,244.0,235.0,568.0,158.0,340.0,372.0,2280.0,1866.0,35.0,23.0,290.0,50.0,78.0,204.0,609.0,338.0,541.0,4264.0,3385.0,22857.0,5891.0,148.0,408.0,730.0,244.0,179.0,296.0,580.0,504.0,4835.0,457.0,,,,,,,,,,,,,,,,,,
35,2020-09-14,471.0,1607.0,9604.0,2455.0,545.0,236.0,31.0,137.0,146.0,466.0,194.0,147.0,89.0,114.0,137.0,4932.0,244.0,235.0,569.0,158.0,342.0,372.0,2290.0,1873.0,35.0,23.0,302.0,50.0,78.0,208.0,612.0,338.0,547.0,4286.0,3405.0,23003.0,5944.0,149.0,408.0,730.0,244.0,179.0,296.0,592.0,504.0,4864.0,457.0,,,,,,,,,,,,,,,,,,
211,2020-09-15,471.0,1624.0,9636.0,2470.0,546.0,236.0,32.0,137.0,147.0,468.0,194.0,147.0,89.0,114.0,137.0,4948.0,244.0,236.0,569.0,158.0,342.0,372.0,2294.0,1876.0,35.0,23.0,310.0,51.0,78.0,211.0,614.0,359.0,553.0,4302.0,3416.0,23083.0,5960.0,149.0,408.0,731.0,244.0,179.0,296.0,594.0,504.0,4897.0,460.0,,,,,,,,,,,,,,,,,,
267,2020-09-16,472.0,1628.0,9725.0,2478.0,550.0,236.0,34.0,137.0,147.0,472.0,194.0,147.0,92.0,114.0,137.0,4948.0,244.0,236.0,570.0,158.0,343.0,373.0,2297.0,1884.0,35.0,23.0,313.0,51.0,78.0,214.0,616.0,368.0,567.0,4320.0,3446.0,23274.0,6012.0,151.0,408.0,736.0,244.0,179.0,297.0,596.0,506.0,4920.0,463.0,,,,,,,,,,,,,,,,,,
20,2020-09-17,474.0,1641.0,9803.0,2502.0,550.0,236.0,34.0,137.0,147.0,474.0,194.0,147.0,92.0,114.0,137.0,4959.0,244.0,236.0,570.0,158.0,344.0,373.0,2305.0,1892.0,35.0,23.0,331.0,51.0,78.0,217.0,618.0,369.0,591.0,4349.0,3483.0,23437.0,6112.0,153.0,408.0,736.0,244.0,179.0,299.0,596.0,509.0,4941.0,464.0,,,,,,,,,,,,,,,,,,
149,2020-09-18,475.0,1650.0,9860.0,2521.0,551.0,236.0,35.0,137.0,147.0,474.0,195.0,147.0,92.0,114.0,137.0,4970.0,244.0,236.0,570.0,158.0,344.0,376.0,2310.0,1903.0,35.0,23.0,337.0,51.0,78.0,218.0,621.0,375.0,602.0,4370.0,3516.0,23608.0,6177.0,158.0,408.0,742.0,244.0,180.0,299.0,596.0,512.0,4963.0,466.0,,,,,,,,,,,,,,,,,,
101,2020-09-19,476.0,1659.0,9920.0,2537.0,551.0,236.0,35.0,137.0,148.0,474.0,195.0,147.0,93.0,114.0,137.0,4987.0,244.0,236.0,571.0,158.0,344.0,376.0,2322.0,1910.0,35.0,23.0,346.0,51.0,78.0,218.0,622.0,376.0,629.0,4394.0,3556.0,23828.0,6255.0,161.0,409.0,744.0,244.0,180.0,299.0,596.0,517.0,4999.0,467.0,,,,,,,,,,,,,,,,,,
107,2020-09-20,477.0,1659.0,10001.0,2549.0,552.0,236.0,36.0,137.0,148.0,475.0,195.0,147.0,93.0,114.0,137.0,4996.0,245.0,236.0,571.0,158.0,344.0,376.0,2338.0,1927.0,35.0,23.0,351.0,52.0,78.0,218.0,623.0,385.0,644.0,4417.0,3602.0,24046.0,6323.0,162.0,410.0,750.0,244.0,180.0,301.0,597.0,517.0,5039.0,469.0,,,,,,,,,,,,,,,,,,
143,2020-09-21,478.0,1659.0,10060.0,2570.0,554.0,236.0,36.0,137.0,148.0,475.0,195.0,147.0,93.0,114.0,137.0,5003.0,244.0,236.0,571.0,158.0,344.0,376.0,2352.0,1944.0,35.0,23.0,365.0,53.0,78.0,221.0,624.0,387.0,663.0,4433.0,3637.0,24208.0,6383.0,165.0,410.0,754.0,244.0,180.0,301.0,597.0,517.0,5070.0,470.0,,,,,,,,,,,,,,,,,,
190,2020-09-22,479.0,1659.0,10099.0,2575.0,555.0,236.0,36.0,137.0,148.0,476.0,195.0,147.0,93.0,114.0,137.0,5004.0,244.0,236.0,571.0,158.0,344.0,377.0,2358.0,1960.0,35.0,23.0,367.0,53.0,78.0,225.0,627.0,400.0,670.0,4448.0,3651.0,24306.0,6403.0,165.0,410.0,756.0,244.0,180.0,303.0,599.0,517.0,5103.0,475.0,,,,,,,,,,,,,,,,,,
89,2020-09-23,479.0,1659.0,10166.0,2602.0,556.0,237.0,36.0,137.0,148.0,479.0,195.0,147.0,93.0,114.0,137.0,5004.0,244.0,236.0,571.0,158.0,344.0,377.0,2364.0,1975.0,35.0,23.0,369.0,53.0,78.0,226.0,629.0,402.0,683.0,4462.0,3669.0,24394.0,6441.0,165.0,410.0,760.0,244.0,180.0,303.0,600.0,517.0,5122.0,475.0,,,,,,,,,,,,,,,,,,
115,2020-09-24,481.0,1702.0,10205.0,2615.0,558.0,238.0,36.0,137.0,148.0,487.0,195.0,147.0,93.0,114.0,137.0,5006.0,244.0,236.0,571.0,158.0,344.0,377.0,2376.0,1984.0,35.0,23.0,372.0,53.0,78.0,228.0,630.0,408.0,684.0,4474.0,3689.0,24453.0,6452.0,165.0,410.0,761.0,244.0,180.0,303.0,603.0,522.0,5131.0,480.0,,,,,,,,149.0,,,,,,,,,,
132,2020-09-25,483.0,1705.0,10271.0,2616.0,558.0,238.0,36.0,138.0,149.0,492.0,195.0,147.0,93.0,114.0,137.0,5007.0,244.0,236.0,572.0,158.0,344.0,389.0,2382.0,1996.0,35.0,23.0,375.0,53.0,78.0,232.0,631.0,411.0,688.0,4494.0,3715.0,24648.0,6509.0,168.0,410.0,763.0,244.0,180.0,303.0,606.0,522.0,5145.0,483.0,,,,,,,,,,,,,,,,,,
187,2020-09-26,486.0,1710.0,10333.0,2624.0,560.0,238.0,36.0,140.0,150.0,496.0,195.0,147.0,93.0,114.0,137.0,5017.0,244.0,236.0,572.0,158.0,344.0,400.0,2389.0,2007.0,35.0,23.0,383.0,53.0,78.0,242.0,632.0,426.0,696.0,4522.0,3746.0,24843.0,6588.0,168.0,410.0,771.0,244.0,180.0,303.0,611.0,526.0,5179.0,484.0,,,,,,,,,,,,,,,,,,
94,2020-09-27,490.0,1710.0,10399.0,2636.0,562.0,238.0,36.0,140.0,152.0,506.0,196.0,147.0,93.0,114.0,137.0,5017.0,245.0,236.0,572.0,158.0,344.0,400.0,2407.0,2032.0,35.0,23.0,385.0,53.0,78.0,242.0,637.0,427.0,698.0,4547.0,3784.0,25113.0,6679.0,170.0,412.0,773.0,244.0,180.0,303.0,616.0,526.0,5217.0,489.0,,,,,,,,,,,,,,,,,,
202,2020-09-28,495.0,1710.0,10447.0,2658.0,562.0,240.0,36.0,140.0,153.0,516.0,198.0,147.0,93.0,114.0,138.0,5023.0,245.0,236.0,572.0,158.0,344.0,400.0,2427.0,2039.0,35.0,23.0,389.0,53.0,78.0,247.0,638.0,427.0,699.0,4582.0,3805.0,25257.0,6744.0,170.0,412.0,776.0,244.0,180.0,305.0,616.0,526.0,5241.0,494.0,,,,,,,,,,,,,,,,,,
45,2020-09-29,495.0,1731.0,10483.0,2674.0,567.0,240.0,36.0,140.0,154.0,533.0,198.0,147.0,93.0,114.0,138.0,5027.0,245.0,236.0,572.0,158.0,344.0,411.0,2441.0,2058.0,36.0,23.0,392.0,53.0,78.0,251.0,649.0,427.0,699.0,4600.0,3822.0,25335.0,6760.0,170.0,412.0,776.0,244.0,182.0,305.0,622.0,532.0,5290.0,495.0,,,,,,,,,,,,,,,,,,
95,2020-09-30,501.0,1739.0,10534.0,2684.0,568.0,241.0,36.0,140.0,154.0,548.0,201.0,147.0,93.0,114.0,138.0,5028.0,245.0,236.0,573.0,158.0,344.0,415.0,2460.0,2075.0,36.0,23.0,397.0,53.0,78.0,251.0,652.0,428.0,699.0,4624.0,3862.0,25547.0,6819.0,170.0,417.0,776.0,244.0,183.0,305.0,623.0,534.0,5309.0,502.0,,,,,,,,,,,,,,,,,,
30,2020-10-01,502.0,1747.0,10593.0,2704.0,569.0,242.0,36.0,140.0,157.0,563.0,202.0,148.0,93.0,114.0,138.0,5032.0,245.0,236.0,574.0,158.0,344.0,415.0,2486.0,2091.0,36.0,23.0,399.0,53.0,78.0,253.0,657.0,431.0,701.0,4652.0,3896.0,25738.0,6898.0,170.0,418.0,776.0,244.0,186.0,306.0,626.0,538.0,5337.0,503.0,,,,,,,,,,,,,,,,,,
39,2020-10-02,503.0,1762.0,10669.0,2717.0,574.0,242.0,36.0,140.0,157.0,577.0,201.0,148.0,93.0,114.0,138.0,5040.0,245.0,236.0,578.0,158.0,344.0,422.0,2516.0,2107.0,36.0,23.0,406.0,53.0,78.0,253.0,659.0,432.0,706.0,4685.0,3934.0,25973.0,6975.0,170.0,419.0,777.0,244.0,190.0,310.0,627.0,548.0,5363.0,509.0,,,,,,,,,,,,,,,,,,
209,2020-10-03,503.0,1767.0,10719.0,2738.0,575.0,242.0,36.0,140.0,157.0,587.0,201.0,148.0,93.0,114.0,138.0,5043.0,245.0,238.0,579.0,158.0,344.0,422.0,2541.0,2126.0,37.0,23.0,413.0,53.0,78.0,263.0,668.0,433.0,719.0,4715.0,3968.0,26169.0,7040.0,170.0,421.0,777.0,244.0,193.0,311.0,627.0,551.0,5384.0,523.0,,,,,,,,,,,,,,,,,,
268,2020-10-04,503.0,1767.0,10770.0,2767.0,580.0,242.0,36.0,140.0,158.0,597.0,201.0,148.0,93.0,114.0,138.0,5054.0,246.0,238.0,588.0,158.0,344.0,422.0,2569.0,2141.0,37.0,23.0,418.0,53.0,78.0,263.0,671.0,435.0,725.0,4765.0,4010.0,26376.0,7099.0,170.0,422.0,777.0,244.0,193.0,312.0,627.0,551.0,5403.0,525.0,,,,,,,,,,,,,,,,,,
19,2020-10-05,505.0,1767.0,10809.0,2783.0,581.0,242.0,36.0,140.0,158.0,603.0,201.0,149.0,93.0,115.0,138.0,5054.0,246.0,238.0,607.0,158.0,344.0,428.0,2588.0,2159.0,37.0,23.0,425.0,58.0,78.0,267.0,676.0,437.0,728.0,4800.0,4047.0,26484.0,7136.0,170.0,422.0,777.0,244.0,193.0,313.0,630.0,551.0,5419.0,527.0,,,,,,,,,,,,,,,,,,
36,2020-10-06,506.0,1787.0,10840.0,2797.0,581.0,242.0,36.0,140.0,161.0,604.0,201.0,149.0,93.0,115.0,138.0,5057.0,246.0,238.0,626.0,158.0,344.0,435.0,2607.0,2181.0,37.0,24.0,428.0,58.0,78.0,269.0,677.0,438.0,728.0,4820.0,4069.0,26550.0,7147.0,170.0,422.0,778.0,244.0,194.0,313.0,630.0,558.0,5437.0,530.0,,,,,,,,,,,,,,,,,,
210,2020-10-07,507.0,1791.0,10899.0,2804.0,581.0,242.0,36.0,140.0,161.0,605.0,204.0,149.0,93.0,115.0,138.0,5057.0,246.0,238.0,639.0,158.0,344.0,440.0,2629.0,2217.0,37.0,24.0,433.0,58.0,78.0,272.0,681.0,442.0,733.0,4840.0,4110.0,26727.0,7212.0,170.0,422.0,778.0,246.0,195.0,313.0,631.0,558.0,5449.0,530.0,,,,,,,,,,,,,,,,,,
85,2020-10-08,508.0,1796.0,10950.0,2822.0,583.0,242.0,36.0,140.0,161.0,612.0,206.0,149.0,93.0,115.0,138.0,5061.0,248.0,238.0,642.0,158.0,344.0,440.0,2656.0,2229.0,37.0,24.0,441.0,58.0,78.0,279.0,693.0,443.0,735.0,4879.0,4154.0,26869.0,7266.0,171.0,422.0,778.0,247.0,196.0,316.0,631.0,564.0,5463.0,532.0,,,,,,,,,,,,,,,,,,
195,2020-10-09,510.0,1800.0,10999.0,2838.0,587.0,243.0,36.0,140.0,162.0,615.0,207.0,149.0,93.0,115.0,138.0,5069.0,248.0,238.0,642.0,158.0,344.0,447.0,2682.0,2267.0,37.0,24.0,453.0,58.0,79.0,287.0,698.0,443.0,741.0,4923.0,4193.0,27117.0,7331.0,176.0,422.0,778.0,248.0,196.0,317.0,631.0,565.0,5478.0,535.0,,,,,,,,,,,,,,,,,,
207,2020-10-10,511.0,1809.0,11057.0,2865.0,595.0,249.0,36.0,140.0,163.0,620.0,208.0,149.0,93.0,115.0,138.0,5077.0,248.0,239.0,652.0,158.0,344.0,447.0,2710.0,2296.0,37.0,24.0,461.0,58.0,81.0,295.0,700.0,443.0,747.0,4951.0,4232.0,27320.0,7408.0,176.0,422.0,780.0,249.0,196.0,318.0,632.0,565.0,5493.0,535.0,,,,,,,,,,,,,,,,,,
38,2020-10-11,514.0,1809.0,11109.0,2881.0,595.0,249.0,36.0,140.0,163.0,625.0,209.0,149.0,93.0,115.0,138.0,5101.0,248.0,239.0,673.0,158.0,344.0,447.0,2729.0,2323.0,37.0,24.0,474.0,58.0,81.0,302.0,706.0,445.0,755.0,5051.0,4268.0,27569.0,7471.0,177.0,422.0,780.0,249.0,196.0,320.0,633.0,565.0,5504.0,535.0,,,,,,,,,,,,,,,,,,
31,2020-10-12,514.0,1809.0,11154.0,2893.0,599.0,249.0,36.0,140.0,163.0,627.0,209.0,149.0,94.0,115.0,139.0,5101.0,248.0,239.0,690.0,158.0,344.0,447.0,2740.0,2347.0,37.0,24.0,484.0,59.0,81.0,314.0,709.0,445.0,759.0,5082.0,4311.0,27715.0,7508.0,179.0,422.0,780.0,249.0,196.0,320.0,634.0,565.0,5525.0,537.0,,,,,,,,,,,,,,,,,,
254,2020-10-13,515.0,1851.0,11180.0,2905.0,600.0,249.0,36.0,140.0,163.0,642.0,209.0,149.0,94.0,115.0,139.0,5105.0,248.0,241.0,690.0,158.0,344.0,456.0,2754.0,2378.0,39.0,24.0,486.0,59.0,81.0,317.0,710.0,444.0,761.0,5100.0,4322.0,27793.0,7537.0,179.0,422.0,780.0,249.0,197.0,320.0,635.0,567.0,5539.0,538.0,,,,,,,,,,,,,,,,,,
212,2020-10-14,518.0,1863.0,11249.0,2913.0,603.0,252.0,36.0,140.0,164.0,641.0,209.0,149.0,96.0,115.0,139.0,5105.0,249.0,241.0,714.0,158.0,344.0,456.0,2769.0,2390.0,39.0,24.0,491.0,59.0,81.0,319.0,710.0,444.0,763.0,5131.0,4346.0,27959.0,7591.0,179.0,422.0,782.0,249.0,197.0,320.0,636.0,567.0,5557.0,542.0,,,,,,,,,,,,,,,,,,
37,2020-10-15,519.0,1892.0,11310.0,2927.0,605.0,252.0,36.0,140.0,168.0,642.0,209.0,149.0,96.0,115.0,139.0,5112.0,249.0,241.0,720.0,158.0,344.0,456.0,2787.0,2410.0,41.0,25.0,499.0,59.0,81.0,324.0,715.0,452.0,763.0,5177.0,4377.0,28136.0,7679.0,179.0,422.0,786.0,249.0,199.0,320.0,638.0,568.0,5581.0,542.0,,,,,,,,,,,,,,,,,,
17,2020-10-16,520.0,1898.0,11361.0,2946.0,607.0,254.0,36.0,140.0,168.0,644.0,209.0,149.0,96.0,115.0,140.0,5125.0,249.0,241.0,726.0,158.0,366.0,456.0,2826.0,2430.0,57.0,25.0,504.0,59.0,81.0,332.0,719.0,453.0,764.0,5234.0,4430.0,28420.0,7758.0,180.0,422.0,787.0,249.0,199.0,320.0,640.0,572.0,5596.0,544.0,,,,,,,,,,,,,,,,,,
265,2020-10-17,520.0,1907.0,11414.0,2960.0,610.0,254.0,36.0,140.0,170.0,646.0,209.0,149.0,97.0,116.0,140.0,5138.0,250.0,241.0,735.0,159.0,366.0,462.0,2855.0,2460.0,83.0,26.0,508.0,59.0,81.0,343.0,723.0,458.0,766.0,5286.0,4473.0,28604.0,7843.0,180.0,423.0,788.0,254.0,199.0,323.0,642.0,575.0,5615.0,544.0,,,,,,,,,,,,,,,,,,
100,2020-10-18,522.0,1907.0,11464.0,2978.0,613.0,255.0,36.0,140.0,172.0,649.0,209.0,158.0,98.0,116.0,140.0,5139.0,252.0,241.0,740.0,159.0,366.0,462.0,2855.0,2491.0,100.0,26.0,522.0,59.0,81.0,359.0,725.0,463.0,769.0,5331.0,4505.0,28839.0,7893.0,180.0,423.0,793.0,254.0,199.0,326.0,642.0,575.0,5636.0,549.0,,,,,,,,,,,,,,,,,,
148,2020-10-19,524.0,1907.0,11514.0,2995.0,613.0,255.0,36.0,140.0,173.0,649.0,209.0,158.0,99.0,116.0,140.0,5139.0,252.0,241.0,744.0,159.0,366.0,463.0,2918.0,2518.0,104.0,26.0,524.0,59.0,81.0,362.0,728.0,465.0,774.0,5371.0,4530.0,28971.0,7942.0,180.0,423.0,795.0,256.0,199.0,326.0,642.0,575.0,5664.0,549.0,,,,,,,,,,,,,,,,,,
142,2020-10-20,527.0,1928.0,11555.0,3008.0,613.0,255.0,36.0,140.0,173.0,650.0,209.0,159.0,99.0,116.0,140.0,5142.0,252.0,242.0,746.0,159.0,366.0,463.0,2954.0,2542.0,122.0,26.0,526.0,59.0,81.0,369.0,728.0,466.0,785.0,5393.0,4548.0,29046.0,7965.0,180.0,422.0,795.0,256.0,199.0,326.0,644.0,580.0,5685.0,549.0,,,,,,,,,,,,,,,,,,
106,2020-10-21,530.0,1931.0,11620.0,3013.0,615.0,259.0,36.0,140.0,174.0,651.0,209.0,162.0,99.0,116.0,140.0,5146.0,252.0,,750.0,159.0,366.0,463.0,2975.0,2559.0,134.0,26.0,529.0,60.0,81.0,369.0,730.0,471.0,797.0,5426.0,4588.0,29185.0,8012.0,180.0,422.0,795.0,256.0,199.0,,647.0,580.0,5700.0,550.0,242.0,326.0,,,,,,,,,,,,,,,,
90,2020-10-22,531.0,1934.0,11702.0,3027.0,618.0,260.0,35.0,140.0,185.0,651.0,210.0,163.0,99.0,116.0,140.0,5153.0,253.0,,754.0,159.0,366.0,463.0,3012.0,2590.0,138.0,26.0,538.0,61.0,81.0,374.0,731.0,473.0,806.0,5476.0,4637.0,29335.0,8100.0,180.0,422.0,795.0,256.0,199.0,,651.0,583.0,5713.0,551.0,242.0,327.0,,,,,,,,,,,,,,,,
191,2020-10-23,533.0,1945.0,11780.0,3040.0,621.0,266.0,35.0,140.0,188.0,651.0,211.0,164.0,100.0,116.0,140.0,5160.0,253.0,242.0,759.0,159.0,366.0,463.0,3048.0,2612.0,148.0,26.0,544.0,61.0,82.0,378.0,735.0,473.0,820.0,5521.0,4680.0,29520.0,8155.0,180.0,422.0,796.0,256.0,202.0,329.0,660.0,585.0,5749.0,551.0,,,,,,,,,,,,,,,,,,
133,2020-10-24,535.0,1958.0,11880.0,3056.0,624.0,268.0,35.0,140.0,194.0,651.0,213.0,164.0,101.0,116.0,140.0,5174.0,253.0,242.0,767.0,159.0,366.0,463.0,3094.0,2652.0,150.0,27.0,545.0,61.0,84.0,379.0,737.0,476.0,839.0,5561.0,4734.0,29706.0,8246.0,180.0,422.0,798.0,256.0,203.0,330.0,668.0,588.0,5768.0,554.0,,,,,,,,,,,,,,,,,,
116,2020-10-25,537.0,1958.0,11976.0,3078.0,625.0,270.0,35.0,140.0,194.0,654.0,213.0,164.0,101.0,116.0,140.0,5179.0,254.0,242.0,768.0,159.0,366.0,463.0,3134.0,2703.0,170.0,27.0,565.0,61.0,84.0,385.0,739.0,476.0,858.0,5602.0,4775.0,29909.0,8308.0,181.0,422.0,798.0,256.0,203.0,330.0,671.0,588.0,5811.0,555.0,,,,,,,,,,,,,,,,,,
93,2020-10-26,538.0,1958.0,12046.0,3126.0,625.0,272.0,35.0,140.0,203.0,655.0,213.0,164.0,101.0,116.0,142.0,5179.0,254.0,242.0,768.0,159.0,366.0,463.0,3165.0,2763.0,175.0,27.0,572.0,61.0,84.0,386.0,741.0,477.0,867.0,5619.0,4811.0,30033.0,8369.0,182.0,422.0,799.0,256.0,203.0,330.0,672.0,588.0,5853.0,555.0,,,,,,,,,,,,,,,,,,
186,2020-10-27,539.0,1974.0,12089.0,3142.0,626.0,272.0,37.0,141.0,206.0,656.0,213.0,164.0,101.0,116.0,142.0,5189.0,254.0,244.0,769.0,159.0,367.0,463.0,3194.0,2804.0,187.0,27.0,602.0,61.0,84.0,386.0,743.0,477.0,870.0,5653.0,4836.0,30127.0,8389.0,182.0,422.0,799.0,256.0,203.0,334.0,672.0,596.0,5869.0,555.0,,,,,,,,,,,,,,,,,,
44,2020-10-28,543.0,1981.0,12231.0,3147.0,626.0,272.0,37.0,141.0,215.0,656.0,213.0,164.0,101.0,116.0,143.0,5189.0,254.0,,774.0,159.0,367.0,463.0,3217.0,2854.0,195.0,27.0,610.0,61.0,86.0,387.0,744.0,480.0,874.0,5682.0,4880.0,30285.0,8453.0,182.0,422.0,800.0,256.0,206.0,,672.0,605.0,5906.0,555.0,244.0,334.0,,,,,,,,,,,,,,,,
201,2020-10-29,546.0,1989.0,12348.0,3157.0,631.0,273.0,38.0,141.0,230.0,657.0,213.0,164.0,101.0,116.0,144.0,5194.0,254.0,244.0,779.0,159.0,367.0,463.0,3245.0,2933.0,206.0,27.0,655.0,61.0,86.0,387.0,750.0,482.0,884.0,5726.0,4920.0,30456.0,8517.0,182.0,422.0,803.0,256.0,209.0,335.0,672.0,620.0,5941.0,555.0,,,,,,,,,,,,,,,,,,
185,2020-10-30,546.0,2003.0,12473.0,3186.0,635.0,273.0,38.0,141.0,261.0,658.0,213.0,164.0,101.0,116.0,144.0,5207.0,254.0,,786.0,159.0,367.0,468.0,3277.0,2933.0,217.0,27.0,679.0,61.0,86.0,387.0,757.0,484.0,890.0,5765.0,4963.0,30677.0,8588.0,183.0,423.0,803.0,256.0,212.0,,677.0,636.0,5992.0,556.0,244.0,338.0,,,,,,,,,,,,,,,,
98,2020-10-31,547.0,2014.0,12610.0,3202.0,639.0,274.0,38.0,141.0,273.0,659.0,213.0,164.0,101.0,116.0,144.0,5217.0,254.0,244.0,786.0,159.0,367.0,468.0,3304.0,2986.0,222.0,27.0,689.0,61.0,86.0,387.0,764.0,487.0,894.0,5826.0,4997.0,30881.0,8646.0,183.0,423.0,806.0,256.0,212.0,339.0,681.0,636.0,6079.0,563.0,,,,,,,,,,,,,,,,,,
130,2020-11-01,552.0,2014.0,12753.0,3222.0,648.0,275.0,38.0,141.0,286.0,659.0,213.0,164.0,101.0,116.0,144.0,5226.0,254.0,,786.0,159.0,367.0,468.0,3336.0,3055.0,227.0,27.0,700.0,63.0,86.0,388.0,768.0,489.0,900.0,5856.0,5034.0,31096.0,8711.0,184.0,423.0,810.0,257.0,212.0,,686.0,636.0,6130.0,565.0,244.0,341.0,,,,,,,,,,,,,,,,
78,2020-11-02,553.0,2014.0,12876.0,3250.0,659.0,275.0,38.0,141.0,291.0,662.0,213.0,164.0,101.0,116.0,144.0,5226.0,254.0,,786.0,159.0,367.0,468.0,3363.0,3136.0,236.0,27.0,726.0,63.0,86.0,388.0,770.0,489.0,901.0,5889.0,5058.0,31212.0,8777.0,184.0,423.0,812.0,257.0,212.0,,687.0,636.0,6227.0,566.0,244.0,343.0,,,,,,,,,,,,,,,,
169,2020-11-03,557.0,2061.0,12876.0,3265.0,664.0,277.0,38.0,141.0,291.0,662.0,213.0,164.0,101.0,116.0,144.0,5236.0,256.0,,808.0,159.0,367.0,475.0,3373.0,3205.0,244.0,27.0,742.0,64.0,86.0,389.0,773.0,490.0,902.0,5915.0,5079.0,31293.0,8799.0,184.0,423.0,812.0,257.0,216.0,,693.0,661.0,6275.0,568.0,244.0,344.0,,,,,,,,,,,,,,,,
158,2020-11-04,560.0,2061.0,12876.0,3275.0,675.0,277.0,38.0,141.0,303.0,662.0,215.0,164.0,102.0,116.0,144.0,5238.0,264.0,,814.0,159.0,369.0,475.0,3392.0,3301.0,245.0,27.0,772.0,64.0,86.0,391.0,775.0,492.0,905.0,5945.0,5119.0,31502.0,8868.0,184.0,423.0,812.0,257.0,216.0,,698.0,661.0,6319.0,569.0,244.0,349.0,,,,,,,,,,,,,,,,
123,2020-11-05,563.0,2081.0,13191.0,3327.0,679.0,278.0,38.0,141.0,309.0,663.0,215.0,164.0,102.0,116.0,144.0,5246.0,266.0,,824.0,159.0,371.0,488.0,3408.0,3372.0,256.0,29.0,788.0,64.0,86.0,401.0,779.0,493.0,910.0,5986.0,5149.0,31624.0,8912.0,184.0,423.0,813.0,257.0,218.0,,700.0,680.0,6404.0,574.0,245.0,350.0,,,,,,,,,,,,,,,,
71,2020-11-06,584.0,2090.0,13316.0,3363.0,694.0,280.0,38.0,141.0,315.0,665.0,223.0,164.0,103.0,116.0,144.0,5251.0,266.0,245.0,824.0,159.0,371.0,505.0,3435.0,3447.0,264.0,29.0,804.0,67.0,86.0,401.0,789.0,494.0,913.0,6018.0,5207.0,31893.0,9021.0,185.0,424.0,815.0,257.0,221.0,350.0,710.0,690.0,6457.0,575.0,,,,,,,,,,,,,,,,,,
175,2020-11-07,593.0,2101.0,13485.0,3406.0,713.0,280.0,38.0,141.0,323.0,667.0,223.0,167.0,104.0,117.0,144.0,5268.0,267.0,246.0,843.0,160.0,372.0,505.0,3456.0,3566.0,269.0,29.0,822.0,67.0,86.0,410.0,796.0,496.0,918.0,6132.0,5249.0,32135.0,9124.0,186.0,424.0,816.0,257.0,225.0,351.0,726.0,707.0,6536.0,587.0,,,,,,,,,,,,,,,,,,
54,2020-11-08,599.0,2101.0,13676.0,3455.0,726.0,286.0,43.0,141.0,332.0,670.0,225.0,167.0,104.0,117.0,144.0,5276.0,268.0,246.0,847.0,160.0,372.0,505.0,3488.0,3681.0,271.0,30.0,834.0,67.0,86.0,412.0,806.0,498.0,924.0,6201.0,5310.0,32429.0,9261.0,188.0,424.0,819.0,258.0,225.0,357.0,729.0,707.0,6618.0,595.0,,,,,,,,,,,,,,,,,,
226,2020-11-09,601.0,2101.0,13816.0,3486.0,737.0,288.0,43.0,141.0,338.0,671.0,225.0,167.0,105.0,117.0,144.0,5280.0,268.0,,854.0,161.0,372.0,523.0,3518.0,3868.0,273.0,30.0,852.0,67.0,87.0,415.0,818.0,498.0,925.0,6246.0,5354.0,32618.0,9340.0,195.0,424.0,822.0,259.0,225.0,,735.0,707.0,6731.0,596.0,246.0,370.0,,,,,,,,,,,,,,,,
139,2020-11-10,620.0,2166.0,13894.0,3518.0,745.0,289.0,50.0,141.0,340.0,678.0,225.0,168.0,107.0,117.0,144.0,5284.0,274.0,,854.0,161.0,373.0,537.0,3536.0,4021.0,274.0,30.0,865.0,67.0,88.0,418.0,825.0,499.0,927.0,6296.0,5386.0,32767.0,9375.0,198.0,424.0,823.0,262.0,241.0,,742.0,756.0,6812.0,597.0,249.0,384.0,,,,,,,,,,,,,,,,
108,2020-11-11,625.0,2174.0,14120.0,3538.0,754.0,291.0,51.0,141.0,341.0,678.0,231.0,170.0,107.0,117.0,144.0,5307.0,274.0,249.0,860.0,161.0,373.0,537.0,3561.0,4221.0,274.0,30.0,872.0,68.0,89.0,418.0,834.0,503.0,932.0,6363.0,5434.0,33060.0,9474.0,200.0,425.0,824.0,266.0,243.0,387.0,755.0,772.0,6869.0,599.0,,,,,,,,,,,,,,,,,,
87,2020-11-12,636.0,2187.0,14376.0,3596.0,771.0,298.0,51.0,141.0,348.0,680.0,233.0,170.0,108.0,117.0,144.0,5328.0,275.0,249.0,866.0,162.0,373.0,542.0,3597.0,4387.0,275.0,33.0,892.0,68.0,92.0,419.0,854.0,505.0,937.0,6479.0,5499.0,33377.0,9604.0,216.0,425.0,825.0,268.0,257.0,393.0,765.0,787.0,7052.0,603.0,,,,,,,,,,,,,,,,,,
193,2020-11-13,646.0,2205.0,14607.0,3666.0,788.0,304.0,51.0,141.0,354.0,681.0,234.0,170.0,110.0,121.0,144.0,5344.0,276.0,,877.0,163.0,373.0,542.0,3620.0,4584.0,275.0,41.0,925.0,70.0,94.0,421.0,880.0,507.0,942.0,6554.0,5573.0,33770.0,9750.0,222.0,425.0,827.0,269.0,267.0,,785.0,806.0,7156.0,606.0,249.0,406.0,,,,,,,,,,,,,,,,
135,2020-11-14,646.0,2222.0,14870.0,3747.0,812.0,308.0,52.0,141.0,367.0,684.0,248.0,170.0,113.0,123.0,144.0,5360.0,276.0,249.0,887.0,163.0,373.0,542.0,3669.0,4820.0,275.0,51.0,943.0,70.0,94.0,428.0,906.0,509.0,951.0,6637.0,5633.0,34144.0,9895.0,224.0,425.0,827.0,271.0,275.0,429.0,796.0,822.0,7299.0,610.0,,,,,,,,,,,,,,,,,,
113,2020-11-15,655.0,2222.0,15155.0,3816.0,835.0,318.0,52.0,141.0,379.0,688.0,258.0,171.0,114.0,123.0,144.0,5367.0,278.0,249.0,903.0,164.0,373.0,542.0,3696.0,5055.0,278.0,64.0,973.0,71.0,96.0,431.0,946.0,513.0,951.0,6741.0,5721.0,34496.0,10042.0,224.0,425.0,828.0,272.0,275.0,448.0,800.0,822.0,7447.0,616.0,,,,,,,,,,,,,,,,,,
96,2020-11-16,663.0,2222.0,15421.0,3895.0,844.0,326.0,52.0,141.0,396.0,694.0,266.0,171.0,114.0,129.0,144.0,5379.0,278.0,,903.0,164.0,373.0,554.0,3741.0,5285.0,278.0,69.0,983.0,73.0,97.0,435.0,967.0,516.0,956.0,6821.0,5781.0,34751.0,10155.0,226.0,425.0,830.0,272.0,275.0,,809.0,822.0,7599.0,620.0,249.0,461.0,,,,,,,,,,,,,,,,
182,2020-11-17,672.0,2296.0,15494.0,3974.0,858.0,333.0,52.0,141.0,399.0,701.0,267.0,171.0,115.0,130.0,144.0,5387.0,279.0,,915.0,168.0,374.0,558.0,3768.0,5494.0,279.0,75.0,988.0,73.0,98.0,438.0,977.0,517.0,961.0,6908.0,5858.0,34931.0,10216.0,226.0,428.0,830.0,274.0,283.0,,823.0,894.0,7701.0,621.0,251.0,471.0,,,,,,,,,,,,,,,,
48,2020-11-18,683.0,2307.0,15763.0,4014.0,868.0,338.0,52.0,142.0,406.0,707.0,279.0,173.0,121.0,138.0,144.0,5398.0,280.0,,930.0,179.0,375.0,558.0,3792.0,5683.0,280.0,77.0,995.0,74.0,98.0,441.0,1032.0,523.0,964.0,6996.0,5937.0,35229.0,10349.0,259.0,429.0,830.0,278.0,288.0,,836.0,909.0,7764.0,628.0,251.0,495.0,,,,,,,,,,,,,,,,
199,2020-11-19,696.0,2356.0,16036.0,4120.0,896.0,346.0,53.0,142.0,430.0,710.0,285.0,174.0,122.0,144.0,144.0,5420.0,284.0,,939.0,189.0,385.0,558.0,3833.0,5880.0,280.0,86.0,1027.0,74.0,100.0,453.0,1071.0,527.0,974.0,7122.0,6003.0,35722.0,10575.0,273.0,435.0,830.0,289.0,291.0,,855.0,978.0,7902.0,645.0,252.0,525.0,,,,,,,,,,,,,,,,
205,2020-11-20,708.0,2395.0,16374.0,4223.0,929.0,361.0,53.0,142.0,445.0,724.0,303.0,175.0,125.0,153.0,144.0,5442.0,290.0,253.0,940.0,196.0,388.0,576.0,3887.0,6113.0,280.0,97.0,1046.0,74.0,105.0,458.0,1099.0,542.0,994.0,7230.0,6109.0,36256.0,10780.0,274.0,435.0,831.0,295.0,292.0,545.0,875.0,1053.0,8043.0,666.0,,,,,,,,,,,,,,,,,,
41,2020-11-21,720.0,2409.0,16744.0,4355.0,952.0,372.0,53.0,142.0,458.0,726.0,326.0,176.0,127.0,164.0,144.0,5477.0,290.0,254.0,951.0,208.0,398.0,592.0,3925.0,6380.0,280.0,112.0,1061.0,74.0,107.0,466.0,1139.0,550.0,1016.0,7326.0,6199.0,36778.0,10988.0,286.0,441.0,831.0,298.0,298.0,567.0,890.0,1111.0,8262.0,684.0,,,,,,,,,,,,,,,,,,
28,2020-11-22,730.0,2409.0,17159.0,4485.0,975.0,379.0,53.0,142.0,485.0,736.0,343.0,178.0,129.0,186.0,146.0,5513.0,293.0,254.0,951.0,209.0,414.0,592.0,3967.0,6684.0,280.0,127.0,1075.0,74.0,107.0,474.0,1205.0,558.0,1033.0,7499.0,6308.0,37317.0,11181.0,295.0,441.0,833.0,300.0,298.0,592.0,911.0,1111.0,8464.0,706.0,,,,,,,,,,,,,,,,,,
256,2020-11-23,735.0,2409.0,17649.0,4638.0,989.0,384.0,53.0,142.0,498.0,741.0,352.0,179.0,131.0,208.0,146.0,5543.0,293.0,254.0,967.0,219.0,428.0,592.0,3999.0,6918.0,280.0,137.0,1091.0,74.0,109.0,476.0,1252.0,572.0,1045.0,7614.0,6388.0,37708.0,11344.0,300.0,445.0,835.0,302.0,298.0,606.0,918.0,1111.0,8675.0,721.0,,,,,,,,,,,,,,,,,,
214,2020-11-24,740.0,2409.0,17930.0,4775.0,1010.0,395.0,53.0,142.0,508.0,750.0,356.0,179.0,131.0,234.0,148.0,5552.0,293.0,,970.0,223.0,433.0,592.0,4015.0,7163.0,281.0,137.0,1100.0,74.0,109.0,478.0,1284.0,573.0,1045.0,7704.0,6447.0,38022.0,11414.0,313.0,446.0,835.0,303.0,298.0,,932.0,1111.0,8819.0,732.0,254.0,618.0,,,,,,,,,,,,,,,,
34,2020-11-25,747.0,2508.0,18140.0,4852.0,1026.0,403.0,54.0,142.0,515.0,762.0,356.0,179.0,132.0,251.0,148.0,5552.0,297.0,,974.0,228.0,439.0,592.0,4031.0,7369.0,281.0,155.0,1116.0,75.0,109.0,479.0,1310.0,584.0,1069.0,7745.0,6489.0,38197.0,11480.0,316.0,446.0,836.0,304.0,327.0,,939.0,1294.0,8914.0,737.0,262.0,629.0,,,,,,,,,,,,,,,,
21,2020-11-26,756.0,2521.0,18458.0,4928.0,1038.0,408.0,56.0,143.0,530.0,770.0,363.0,179.0,132.0,265.0,149.0,5591.0,299.0,263.0,977.0,238.0,449.0,602.0,4057.0,7585.0,282.0,162.0,1128.0,83.0,110.0,480.0,1347.0,595.0,1087.0,7842.0,6562.0,38598.0,11640.0,324.0,447.0,838.0,305.0,332.0,638.0,969.0,1334.0,9023.0,755.0,,,,,,,,,,,,,,,,,,
261,2020-11-27,760.0,2552.0,18784.0,5028.0,1061.0,414.0,58.0,144.0,544.0,771.0,367.0,180.0,134.0,282.0,149.0,5591.0,300.0,,984.0,246.0,458.0,607.0,4131.0,7766.0,285.0,162.0,1147.0,84.0,111.0,486.0,1397.0,599.0,1117.0,8002.0,6644.0,39079.0,11894.0,325.0,450.0,843.0,309.0,336.0,,985.0,1395.0,9200.0,782.0,265.0,654.0,,,,,,,,,,,,,,,,
103,2020-11-28,773.0,2585.0,19167.0,5211.0,1087.0,428.0,58.0,145.0,568.0,785.0,372.0,181.0,135.0,296.0,149.0,5644.0,300.0,265.0,999.0,255.0,477.0,607.0,4169.0,8022.0,287.0,179.0,1168.0,89.0,116.0,490.0,1442.0,607.0,1148.0,8104.0,6751.0,39649.0,12112.0,326.0,453.0,846.0,312.0,336.0,670.0,1014.0,1447.0,9398.0,797.0,,,,,,,,,,,,,,,,,,
144,2020-11-29,777.0,2585.0,19630.0,5314.0,1106.0,436.0,58.0,146.0,583.0,785.0,381.0,181.0,138.0,304.0,149.0,5758.0,307.0,,1006.0,273.0,477.0,612.0,4247.0,8274.0,287.0,183.0,1181.0,90.0,122.0,496.0,1508.0,619.0,1177.0,8222.0,6864.0,40210.0,12327.0,329.0,457.0,846.0,314.0,336.0,,1034.0,1447.0,9632.0,826.0,265.0,691.0,,,,,,,,,,,,,,,,
266,2020-11-30,780.0,2585.0,20011.0,5459.0,1122.0,446.0,58.0,146.0,592.0,785.0,384.0,181.0,142.0,311.0,150.0,5801.0,307.0,,1012.0,280.0,477.0,612.0,4294.0,8526.0,287.0,191.0,1195.0,90.0,133.0,499.0,1539.0,634.0,1195.0,8361.0,6939.0,40628.0,12478.0,331.0,458.0,850.0,314.0,336.0,,1055.0,1447.0,9849.0,844.0,265.0,703.0,,,,,,,,,,,,,,,,
220,2020-12-01,783.0,2663.0,20273.0,5570.0,1141.0,452.0,58.0,147.0,599.0,838.0,386.0,181.0,143.0,314.0,152.0,5827.0,309.0,,1012.0,295.0,503.0,612.0,4326.0,8718.0,295.0,194.0,1202.0,90.0,135.0,501.0,1561.0,638.0,1207.0,8427.0,7008.0,40939.0,12559.0,331.0,459.0,853.0,316.0,338.0,,1072.0,1620.0,10112.0,858.0,271.0,718.0,,,,,,,,,,,,,,,,
234,2020-12-02,793.0,2671.0,20591.0,5626.0,1157.0,462.0,58.0,148.0,609.0,856.0,391.0,181.0,147.0,320.0,157.0,5860.0,319.0,,1021.0,309.0,513.0,612.0,4353.0,8869.0,299.0,204.0,1211.0,90.0,138.0,501.0,1611.0,664.0,1239.0,8531.0,7082.0,41311.0,12716.0,336.0,459.0,859.0,319.0,344.0,,1093.0,1674.0,10112.0,865.0,271.0,736.0,,,,,,,,,,,,,,,,
15,2020-12-03,796.0,2693.0,21018.0,5749.0,1190.0,471.0,60.0,148.0,619.0,872.0,398.0,181.0,148.0,327.0,165.0,5901.0,325.0,,1045.0,324.0,521.0,629.0,4398.0,9075.0,307.0,208.0,1221.0,90.0,141.0,506.0,1655.0,688.0,1283.0,8680.0,7158.0,41811.0,12929.0,340.0,460.0,861.0,319.0,353.0,,1119.0,1722.0,10309.0,880.0,273.0,748.0,,,,,,,,,,,,,,,,
55,2020-12-04,804.0,2714.0,21404.0,5868.0,1229.0,478.0,61.0,152.0,629.0,897.0,402.0,182.0,154.0,331.0,180.0,5932.0,329.0,273.0,1055.0,342.0,527.0,629.0,4447.0,9251.0,315.0,212.0,1230.0,90.0,149.0,509.0,1692.0,702.0,1312.0,8830.0,7239.0,42344.0,13126.0,348.0,461.0,862.0,320.0,362.0,760.0,1161.0,1782.0,10528.0,905.0,,,,,,,,,,,,,,,,,,
225,2020-12-05,808.0,2736.0,21798.0,6040.0,1264.0,485.0,61.0,152.0,634.0,943.0,406.0,184.0,155.0,339.0,196.0,5977.0,333.0,273.0,1063.0,360.0,534.0,637.0,4494.0,9457.0,321.0,213.0,1251.0,90.0,152.0,515.0,1777.0,719.0,1341.0,8992.0,7314.0,42793.0,13314.0,350.0,461.0,864.0,321.0,381.0,774.0,1195.0,1827.0,10723.0,927.0,,,,,,,,,,,,,,,,,,
246,2020-12-06,814.0,2736.0,22197.0,6169.0,1291.0,490.0,61.0,153.0,645.0,1023.0,409.0,185.0,159.0,341.0,215.0,5977.0,336.0,273.0,1079.0,378.0,545.0,637.0,4535.0,9669.0,324.0,220.0,1272.0,90.0,158.0,528.0,1808.0,732.0,1371.0,9159.0,7388.0,43377.0,13505.0,354.0,461.0,867.0,321.0,381.0,786.0,1227.0,1827.0,10938.0,940.0,,,,,,,,,,,,,,,,,,
5,2020-12-07,816.0,2736.0,22507.0,6320.0,1306.0,503.0,63.0,155.0,657.0,1023.0,410.0,185.0,163.0,345.0,233.0,6060.0,337.0,,1085.0,397.0,557.0,637.0,4574.0,9852.0,330.0,220.0,1293.0,90.0,173.0,530.0,1832.0,749.0,1388.0,9321.0,7466.0,43704.0,13639.0,356.0,462.0,872.0,321.0,381.0,,1245.0,1827.0,11157.0,950.0,273.0,803.0,,,,,,,,,,,,,,,,
160,2020-12-08,826.0,2858.0,22735.0,6440.0,1330.0,507.0,65.0,158.0,666.0,1085.0,414.0,185.0,164.0,349.0,246.0,6060.0,341.0,276.0,1094.0,408.0,566.0,673.0,4585.0,10039.0,343.0,220.0,1311.0,90.0,177.0,541.0,1844.0,749.0,1401.0,9411.0,7519.0,44003.0,13704.0,359.0,462.0,874.0,322.0,422.0,823.0,1260.0,1960.0,11327.0,957.0,,,,,,,,,,,,,,,,,,
122,2020-12-09,832.0,2884.0,22993.0,6547.0,1351.0,516.0,65.0,158.0,678.0,1128.0,418.0,186.0,174.0,352.0,263.0,6125.0,347.0,,1111.0,418.0,568.0,701.0,4613.0,10163.0,345.0,224.0,1319.0,90.0,186.0,548.0,1878.0,782.0,1433.0,9583.0,7599.0,44355.0,13855.0,363.0,462.0,879.0,326.0,429.0,,1300.0,1988.0,11438.0,967.0,276.0,838.0,,,,,,,,,,,,,,,,
92,2020-12-10,842.0,2947.0,23420.0,6692.0,1386.0,528.0,66.0,158.0,689.0,1128.0,422.0,187.0,191.0,353.0,281.0,6264.0,354.0,277.0,1133.0,439.0,574.0,741.0,4656.0,10367.0,354.0,225.0,1336.0,90.0,196.0,555.0,1892.0,800.0,1482.0,9728.0,7692.0,44927.0,14100.0,369.0,462.0,884.0,329.0,431.0,863.0,1336.0,2030.0,11636.0,967.0,,,,,,,,,,,,,,,,,,
189,2020-12-11,847.0,3022.0,23835.0,6849.0,1410.0,538.0,67.0,159.0,702.0,1249.0,427.0,187.0,195.0,354.0,301.0,6343.0,367.0,278.0,1152.0,464.0,579.0,741.0,4702.0,10564.0,358.0,230.0,1379.0,90.0,211.0,565.0,1911.0,822.0,1526.0,9916.0,7842.0,45529.0,14314.0,374.0,462.0,888.0,331.0,437.0,892.0,1381.0,2059.0,11881.0,1011.0,,,,,,,,,,,,,,,,,,
137,2020-12-12,852.0,3076.0,24192.0,6994.0,1433.0,545.0,67.0,165.0,702.0,1322.0,429.0,187.0,198.0,356.0,312.0,6343.0,371.0,290.0,1184.0,490.0,584.0,741.0,4735.0,10805.0,364.0,252.0,1417.0,90.0,218.0,582.0,1935.0,839.0,1572.0,10101.0,7958.0,46124.0,14599.0,380.0,462.0,899.0,331.0,440.0,909.0,1406.0,2087.0,12123.0,1028.0,,,,,,,,,,,,,,,,,,
110,2020-12-13,857.0,3076.0,24621.0,7091.0,1465.0,551.0,67.0,165.0,702.0,1436.0,433.0,187.0,199.0,358.0,339.0,6551.0,378.0,290.0,1210.0,508.0,584.0,796.0,4785.0,10982.0,371.0,295.0,1462.0,92.0,240.0,599.0,1973.0,860.0,1612.0,10297.0,8078.0,46745.0,14822.0,390.0,464.0,907.0,331.0,440.0,941.0,1461.0,2087.0,12319.0,1042.0,,,,,,,,,,,,,,,,,,
83,2020-12-14,863.0,3076.0,24929.0,7228.0,1493.0,554.0,67.0,166.0,702.0,1560.0,435.0,187.0,199.0,359.0,357.0,6622.0,380.0,290.0,1210.0,516.0,584.0,823.0,4805.0,11171.0,373.0,302.0,1507.0,94.0,253.0,611.0,1987.0,870.0,1652.0,10441.0,8189.0,47225.0,15053.0,400.0,474.0,910.0,332.0,440.0,957.0,1498.0,2087.0,12525.0,1055.0,,,,,,,,,,,,,,,,,,
196,2020-12-15,869.0,3267.0,25114.0,7339.0,1512.0,557.0,67.0,168.0,702.0,1634.0,437.0,187.0,199.0,360.0,368.0,6680.0,384.0,,1267.0,522.0,612.0,837.0,4824.0,11460.0,375.0,306.0,1531.0,94.0,265.0,622.0,2012.0,880.0,1683.0,10543.0,8269.0,47530.0,15172.0,408.0,474.0,916.0,332.0,451.0,,1509.0,2199.0,12706.0,1072.0,321.0,977.0,,,,,,,,,,,,,,,,
146,2020-12-16,877.0,3307.0,25420.0,7403.0,1530.0,562.0,68.0,168.0,702.0,1733.0,440.0,187.0,201.0,363.0,404.0,6749.0,390.0,328.0,1298.0,534.0,616.0,837.0,4824.0,11564.0,382.0,315.0,1561.0,94.0,281.0,630.0,2030.0,915.0,1708.0,10715.0,8388.0,47990.0,15397.0,414.0,475.0,922.0,333.0,454.0,991.0,1544.0,2227.0,12820.0,1086.0,,,,,,,,,,,,,,,,,,
104,2020-12-17,886.0,3378.0,25816.0,7547.0,1554.0,568.0,68.0,170.0,858.0,1808.0,441.0,188.0,205.0,370.0,432.0,6890.0,398.0,338.0,1329.0,543.0,622.0,837.0,4880.0,11650.0,383.0,318.0,1596.0,94.0,290.0,658.0,2053.0,938.0,1771.0,10894.0,8511.0,48668.0,15684.0,418.0,477.0,930.0,337.0,459.0,1006.0,1585.0,2253.0,13035.0,1103.0,,,,,,,,,,,,,,,,,,
262,2020-12-18,894.0,3475.0,26167.0,7682.0,1577.0,570.0,68.0,174.0,885.0,1889.0,445.0,188.0,206.0,372.0,455.0,6890.0,403.0,345.0,1353.0,556.0,632.0,837.0,4898.0,11789.0,390.0,327.0,1650.0,94.0,296.0,672.0,2081.0,968.0,1819.0,11090.0,8659.0,49490.0,16003.0,421.0,480.0,938.0,337.0,463.0,1013.0,1629.0,2299.0,13282.0,1115.0,,,,,,,,,,,,,,,,,,
24,2020-12-19,903.0,3559.0,26476.0,7846.0,1600.0,572.0,68.0,178.0,911.0,2026.0,453.0,188.0,206.0,374.0,465.0,6998.0,405.0,352.0,1353.0,559.0,647.0,868.0,4926.0,11930.0,390.0,327.0,1682.0,94.0,302.0,682.0,2098.0,968.0,1867.0,11290.0,8808.0,50154.0,16298.0,428.0,484.0,947.0,337.0,467.0,1023.0,1682.0,2322.0,13519.0,1122.0,,,,,,,,,,,,,,,,,,
26,2020-12-20,918.0,3559.0,26787.0,7973.0,1628.0,573.0,68.0,179.0,971.0,2108.0,458.0,189.0,206.0,374.0,478.0,7135.0,409.0,,1382.0,566.0,658.0,868.0,4946.0,12062.0,390.0,330.0,1707.0,95.0,302.0,697.0,2117.0,1002.0,1897.0,11514.0,8936.0,50890.0,16613.0,435.0,487.0,954.0,337.0,467.0,,1718.0,2354.0,13737.0,1131.0,352.0,1033.0,,,,,,,,,,,,,,,,
258,2020-12-21,924.0,3559.0,27037.0,8100.0,1654.0,578.0,69.0,181.0,1082.0,2203.0,464.0,191.0,208.0,375.0,501.0,7366.0,409.0,,1414.0,574.0,666.0,875.0,4968.0,12197.0,390.0,335.0,1753.0,95.0,302.0,732.0,2133.0,1022.0,1933.0,11675.0,9055.0,51446.0,16852.0,440.0,492.0,960.0,337.0,467.0,,1731.0,2354.0,13967.0,1144.0,352.0,1046.0,,,,,,,,,,,,,,,,
